item_id,model,category,direction,written,target,whisper_heard,deepgram_heard
syn-en-unit-007,chatterbox-turbo,Unit,b_passes,The recipe calls for 6030 ml of cold water.,six thousand thirty milliliters,The recipe calls for 60-30 milliliters of cold water.,the recipe calls for sixty thirty milliliters of cold water
syn-en-stock-ticker-006,qwen3-tts,Stock Ticker,a_passes,The fund holds a large position in GOOG right now.,g o o g,The fund holds a large position in GOOG right now.,the fund holds a large position in google right now
syn-en-vehicle-or-product-code-032,chatterbox-multilingual,Vehicle or Product Code,a_passes,The identification number on the plate reads CH898453 clearly.,c h eight nine eight four five three,The identification number on the plate reads CH8C9NE8453 clearly.,the identification number on the plate reads ch8c90 and e8453 clearly
syn-en-isbn-020,orpheus-3b,ISBN,a_passes,The number printed on the back cover is ISBN-10 4-301-98828-0 exactly.,i s b n ten four three zero one nine eight eight two eight zero,The number printed on the back cover is ISBN 10-4-3-0-1-9-8-8-2-8-2-8-0. Exactly.,the number printed on the back cover is isbn ten four three zero one nine eight eight two eight two eight o exactly
syn-en-geographic-coordinates-019,orpheus-3b,Geographic Coordinates,a_passes,"The coordinates in the logbook are 75.5770° S, 94.3943° E precisely.",seventy five point five seven seven zero degrees south ninety four point three nine four three degrees east,"The coordinates in the logbook are 75.5770°S, 94.3943°E precisely.",the coordinates in the logbook are seventy five point five seven seven zero degrees s ninety four point three nine four three degrees e precisely
syn-en-musical-notation-039,chatterbox-multilingual,Musical Notation,a_passes,She hummed A9 quietly while tuning the instrument.,a nine,She hummed A9 quietly while tuning the instrument.,she hummed anoin quietly while tuning the instrument
syn-en-sports-score-015,chatterbox-multilingual,Sports score,b_passes,The final score was 116-71 after extra time.,one hundred sixteen to seventy one,The final score was 11671 after extra time.,final score was one hundred and sixteen-seventy one after extra time
syn-en-phone-number-015,kokoro-82m,Phone Number,a_passes,You can reach the front desk at (713) 278-7842 during the day.,seven one three two seven eight seven eight four two,You can reach the front desk at 713-278-7-842 during the day.,you can reach the front desk at seven hundred thirteen two hundred seventy eight seven eight for two during the day
syn-en-isbn-024,orpheus-3b,ISBN,a_passes,The second reprint carries ISBN 978-0-63-987027-9 on the copyright page.,i s b n nine seven eight zero six three nine eight seven zero two seven nine,The second reprint carries ISBN 978063-987027-9 on the copyright page.,the second reprint carries isbn nine million seven hundred eighty thousand and sixty three million nine hundred eighty seven thousand and twenty seven-nine on the copyright page
syn-en-musical-notation-030,chatterbox-multilingual,Musical Notation,a_passes,She hummed 2/4 time quietly while tuning the instrument.,two four,She hummed two-four time quietly while tuning the instrument.,she hummed twofour time quietly while tuning the instrument
syn-en-url-or-email-001,chatterbox,URL or Email,a_passes,Send the completed form to http://www.granite.dev before Friday.,h t t p colon slash slash w w w dot granite dot dev,Send the completed form to https://www.granite.dev before Friday.,send the completed form to h t t p sour hour w w w dot granite dot dev before friday
syn-en-legal-reference-008,qwen3-tts,Legal Reference,a_passes,Refer to Rule 4.10 before signing the lease agreement.,four point ten,Refer to Rule 4.10 before signing the lease agreement.,refer to rule four point den before signing the lease agreement
syn-en-time-010,orpheus-3b,Time,b_passes,The train to the coast departs at 3:52 every weekday.,three fifty two,The train to the coast departs at 3.52 every weekday.,the train to the coast departs at three fifty two every weekday
syn-en-unit-022,chatterbox,Unit,a_passes,The recipe calls for 533 km of cold water.,five hundred thirty three kilometers,The recipe calls for 533 km of cold water.,recipe calls for five thirty three k m of cold water
syn-en-fractions-012,orpheus-3b,Fractions,b_passes,The board is 1/4 of an inch thick.,one quarter,The board is 1-4 of an inch thick.,the board is one fourth of an inch thick
syn-en-legal-reference-003,chatterbox-turbo,Legal Reference,a_passes,Refer to 12 U.S.C. 1789 before signing the lease agreement.,twelve u s c one thousand seven hundred eighty nine,Refer to 12 U.S.C. 1789 before signing the lease agreement.,refer to twelve u c seventeen eighty nine before signing the lease agreement
syn-en-url-or-email-022,chatterbox,URL or Email,a_passes,The registration page is http://www.northfield.org for new members.,h t t p colon slash slash w w w dot northfield dot org,The registration page is http://www.northfield.org for new members.,the registration page is h t t p squaw squaw w w w dot northfield dot org for new members
syn-en-fractions-036,kokoro-82m,Fractions,a_passes,Only 2/6 of the seats were sold in advance.,two sixths,Only two-sixths of the seats were sold in advance.,only two six of the seats were sold in advance
syn-en-sports-score-033,chatterbox,Sports score,a_passes,The game finished 26-60 despite the weather.,twenty six to sixty,The game finished 26-60 despite the weather.,the game finished twenty six sixty despite the weather
syn-en-musical-notation-007,qwen3-tts,Musical Notation,a_passes,Transpose the melody into 5/4 time before the rehearsal.,five four,transpose the melody into 5 4 time before the rehearsal.,transpose the melody into fivefour time before the rehearsal
syn-en-isbn-008,kokoro-82m,ISBN,b_passes,Quote ISBN 978-0-63-781172-0 when you contact the publisher directly.,i s b n nine seven eight zero six three seven eight one one seven two zero,Quote ISBN 970-8060-37-811720 when you contact the publisher directly.,quote isbn nine hundred seventy eight zero sixty three seven eight one one seven two zero when you contact the publisher directly
syn-en-sports-score-040,chatterbox-turbo,Sports score,a_passes,The final score was 44-80 after extra time.,forty four to eighty,The final score was 44-80 after extra time.,the final score was forty four at eighty after extra time
syn-en-vehicle-or-product-code-002,orpheus-3b,Vehicle or Product Code,b_passes,The identification number on the plate reads XJ-3422 clearly.,x j three four two two,The identification number on the plate reads XJ3142 Clearway.,the identification number on the plate reads xj3422 clearway
syn-en-isbn-034,qwen3-tts,ISBN,a_passes,The second reprint carries ISBN 978-3-88-174494-6 on the copyright page.,i s b n nine seven eight three eight eight one seven four four nine four six,"The second reprint carries ISBN 978388174494, 6 on the copyright page.",the second reprint carries isbn nine seventy eight-three eighty eight-seventeen forty four-nine forty six on the copyright page
syn-en-vehicle-or-product-code-022,kokoro-82m,Vehicle or Product Code,a_passes,The identification number on the plate reads XZA-47-X86 clearly.,x z a four seven x eight six,The identification number on the plate reads XZA 47X86 clearly.,the identification number on the plate reads xca forty seven x eighty six clearly
syn-en-currency-035,chatterbox-turbo,Currency,a_passes,"The final invoice came to $1,814,342.28 including tax.",one million eight hundred fourteen thousand three hundred forty two dollars and twenty eight cents,"The final invoice came to $1,814,342.28 including tax.",the final invoice came to one thousand eight hundred and fourteen thousand three hundred and forty two dollars twenty eight including tax
syn-en-mathematical-expression-008,qwen3-tts,Mathematical Expression,a_passes,Check that 676 - 38 = 638 before moving to the next step.,six hundred seventy six minus thirty eight equals six hundred thirty eight,Check that 676 minus 38 equals 638 before moving to the next step.,check that six thousand seven hundred seventy six minuteus thirty eight equals six hundred thirty eight before moving to the next step
syn-en-time-006,qwen3-tts,Time,a_passes,We should meet in the lobby at 16:06 tomorrow.,sixteen oh six,We should meet in the lobby at 1606 tomorrow.,we should meet in the lobby at sixteen o six tomorrow
syn-en-url-or-email-025,chatterbox-turbo,URL or Email,a_passes,You can find the documentation at granite.io/reference online.,granite dot io slash reference,You can find the documentation at granite.io slash reference online.,you can find the documentation at granite io slash reference online
syn-en-unit-036,kokoro-82m,Unit,b_passes,The trail runs 19 mg through the forest.,nineteen milligrams,The trail runs 19mg through the forest.,the trail runs nineteen mg through the forest
syn-en-sports-score-007,kokoro-82m,Sports score,a_passes,They won 108-4 in the opening round.,one hundred eight to four,They won 108-4 in the opening round.,they won one hundred and eight for in the opening round
syn-en-phone-number-002,chatterbox,Phone Number,a_passes,Leave a message at (702) 420-9477 and someone will call back.,seven zero two four two zero nine four seven seven,Leave a message at 702-420-9477 and someone will call back.,leave a message at seven zero two four twenty nine four seven seven and someone will call back
syn-en-chemical-formula-031,kokoro-82m,Chemical Formula,a_passes,The sample turned out to be CaO after analysis.,c a o,The sample turned out to be CaO after analysis.,the sample turned out to be ka o after analysis
syn-en-fractions-024,qwen3-tts,Fractions,a_passes,Only 1/5 of the seats were sold in advance.,one fifth,Only one-fifth of the seeds were sowed in advance.,only wu feiht of the seeds were sowed in advance
syn-en-roman-numeral-002,kokoro-82m,Roman Numeral,a_passes,The inscription on the cornerstone reads XXXVIII.,thirty eight,"The inscription on the cornerstone reads, XXXVIII.",the inscription on the cornerstone reads xxxvi
syn-en-license-plate-or-serial-numbers-010,kokoro-82m,License Plate or Serial Numbers,a_passes,The license plate on the van reads 9HA850CJ clearly.,nine h a eight five zero c j,The license plate on the van reads 9HA850CJ clearly.,the license plate on the van reads nine eight fifty cj clearly
syn-en-currency-010,orpheus-3b,Currency,a_passes,The final invoice came to $657.49 including tax.,six hundred fifty seven dollars and forty nine cents,The final invoice came to $657.49 including tax.,the final invoice came to six hundred and fifty seven point four nine dollars including tax
syn-en-sports-score-014,qwen3-tts,Sports score,a_passes,The visitors lost 38-21 on Saturday afternoon.,thirty eight to twenty one,The visitors lost 38-21 on Saturday afternoon.,the visitors lost thirty eight till twenty one on saturday afternoon
syn-en-sports-score-039,chatterbox,Sports score,a_passes,The visitors lost 89-93 on Saturday afternoon.,eighty nine to ninety three,The visitors lost 89-93 on Saturday afternoon.,the visitors lost eighty nine ninety three on saturday afternoon
syn-en-fractions-015,kokoro-82m,Fractions,b_passes,Add 1/4 of a cup of flour to the mixture.,one quarter,Add one-fourth of a cup of flour to the mixture.,add one fourth of a cup of flour to the mixture
syn-en-abbreviation-029,kokoro-82m,Abbreviation,a_passes,The letter was signed by Sen. Delacroix in person.,senator,The letter was signed by Sen DeLacroix in person.,the letter was signed by cendalakwa in person
syn-en-currency-023,chatterbox-turbo,Currency,a_passes,The painting sold for $301.16 at the auction house.,three hundred one dollars and sixteen cents,The painting sold for $301.16 at the auction house.,the painting sold for three hundred and one point one six dollars at the auction house
syn-en-isbn-017,orpheus-3b,ISBN,a_passes,The catalogue lists the title under ISBN-10 5-502-45415-6 instead.,i s b n ten five five zero two four five four one five six,The catalogue lists the title under ISBN 10-5-502-45415-6 instead.,the catalog lists the title under isbn ten-five-five zero two-forty five thousand four hundred fifteen-six instead
syn-en-isbn-038,chatterbox,ISBN,a_passes,Quote ISBN-10 0-819-53036-8 when you contact the publisher directly.,i s b n ten zero eight one nine five three zero three six eight,"quote, ISBN 100819-530368 when you contact the publisher directly.",quote isbn ten o eight one nine five thirty three six eight when you contact the publisher directly
syn-en-time-012,chatterbox-multilingual,Time,a_passes,Breakfast is served at 21:09 in the dining room.,twenty one oh nine,Breakfast is served at 2109 in the dining room.,breakfast is served at twenty one point nine in the dining room
syn-en-isbn-015,chatterbox-turbo,ISBN,a_passes,The number printed on the back cover is ISBN 978-3-92-453864-1 exactly.,i s b n nine seven eight three nine two four five three eight six four one,The number printed on the back cover is ISBN 978-3-92-453864-1 exactly.,the number printed on the back cover is isbn nine seven eight three-ninety two-four fifty three-eight sixty four-one exactly
syn-en-legal-reference-024,orpheus-3b,Legal Reference,a_passes,The dispute turns on 42 U.S.C. 9757 more than anything else.,forty two u s c nine thousand seven hundred fifty seven,The dispute turns on 42 U.S.C. 9757 more than anything else.,the dispute turns on forty two u c nine thousand seven hundred fifty seven more than anything else
syn-en-stock-ticker-012,orpheus-3b,Stock Ticker,a_passes,Analysts downgraded GOOG after the earnings call.,g o o g,Analysts downgraded Goog after the earnings call.,analysts downgraded boog after the earnings call
syn-en-cardinal-004,chatterbox,Cardinal,a_passes,"The factory produced 86,778,321 units last quarter.",eighty six million seven hundred seventy eight thousand three hundred twenty one,"The factory produced 86,778,321 units last quarter.",the factory produced eighty six seven seven eight thousand three twenty one units last quarter
syn-en-abbreviation-035,parler-tts,Abbreviation,b_passes,The letter was signed by Gov. Delacroix in person.,governor,The letter was signed by Govindilakrog in person.,the letter was signed by governor de la croagh in person
syn-en-currency-038,chatterbox-turbo,Currency,a_passes,"The painting sold for $7,797,049.36 at the auction house.",seven million seven hundred ninety seven thousand forty nine dollars and thirty six cents,"The painting sold for $7,797,049.36 at the auction house.",the painting sold for seven thousand seven hundred ninety seven thousand forty nine dollars thirty six at the auction house
syn-en-isbn-022,orpheus-3b,ISBN,b_passes,The catalogue lists the title under ISBN 978-4-91-141845-5 instead.,i s b n nine seven eight four nine one one four one eight four five five,The catalogue lists the title under ISBN 978-4-91-141-845-5 said.,the catalog lists the title under isbn nine seven eight four nine one one four one eight four five five said
syn-en-ordinal-026,chatterbox-multilingual,Ordinal,a_passes,This is the 384th attempt at the same problem.,three hundred eighty fourth,This is the 384th attempt at the same problem.,this is the three eighty fourth attempt at the same problem
syn-en-decimal-001,qwen3-tts,Decimal,a_passes,The average came out to 663.787545 across the sample.,six hundred sixty three point seven eight seven five four five,The average came out to 663.787545 across the sample.,the average came out to six thousand six hundred sixty three point seven eight seven five four five across the sample
syn-en-ordinal-002,qwen3-tts,Ordinal,a_passes,The office is on the 88th floor of the tower.,eighty eighth,The office is on the 88th floor of the tower.,the office is on the eight eighth floor of the tower
syn-en-phone-number-038,chatterbox-multilingual,Phone Number,b_passes,The support line is 800-658-2751 for urgent problems.,eight zero zero six five eight two seven five one,"The support line is 800-658-2700, 751 for urgent problems.",the support line is eight zero zero six five eight two zero seven zero zero seven five one for urgent problems
syn-en-license-plate-or-serial-numbers-004,chatterbox-multilingual,License Plate or Serial Numbers,a_passes,The officer wrote down EMM-2875 at the scene.,e m m two eight seven five,The officer wrote down EMM28-7F75 at the scene.,the officer wrote down twenty eightseven of seventy five at the scene
syn-en-address-003,kokoro-82m,Address,a_passes,She grew up in a small house at 6423 Kingsley Pl near the river.,six four two three place,"She grew up in a small house at 6423 Kingsley, P.L. near the river.",she grew up in a small house at sixty four twenty three kingsley p l near the river
syn-en-date-020,qwen3-tts,Date,a_passes,The event is scheduled for 25th January 2031 at the main hall.,twenty fifth twenty thirty one,"The event is scheduled for 25th, January 2003, January 2031 at the Main Hall.",the event is scheduled for twenty fifth january two thousand and one at the main hall
syn-en-vehicle-or-product-code-004,chatterbox-turbo,Vehicle or Product Code,b_passes,The warranty card lists the unit as FZ-8591 instead.,f z eight five nine one,The warranty card lists the unit as FC 8591 instead.,the warranty card lists the unit as fz8591 instead
syn-en-unit-031,chatterbox,Unit,b_passes,The trail runs 7243 ml through the forest.,seven thousand two hundred forty three milliliters,The trail runs 724.3ml through the forest.,the trail runs seven twenty four three ml through the forest
syn-en-roman-numeral-006,qwen3-tts,Roman Numeral,a_passes,Super Bowl CCXLI drew a record television audience.,two hundred forty one,Super Bold CCXLI drew a record television audience.,super bowls ccx li drew a record television audience
syn-en-isbn-039,chatterbox,ISBN,b_passes,The second reprint carries ISBN 978-7-48-605145-1 on the copyright page.,i s b n nine seven eight seven four eight six zero five one four five one,The second reprint carries ISBN 978-740-6051451 on the copyright page.,the second reprint carries isbn nine seven eight seven four eight six zero five one four five one on the copyright page
syn-en-vehicle-or-product-code-014,chatterbox-turbo,Vehicle or Product Code,a_passes,The warranty card lists the unit as TV-40-E41 instead.,t v four zero e four one,The warranty card lists the unit as TV40E41 instead.,the warranty card lists the unit stv40e41 instead
syn-en-isbn-034,kokoro-82m,ISBN,b_passes,The second reprint carries ISBN 978-3-88-174494-6 on the copyright page.,i s b n nine seven eight three eight eight one seven four four nine four six,The second reprint carries ISBN 978380-81744946 on the copyright page.,the second reprint carries isbn nine hundred seventy eight thousand three hundred eighty eight one seven four four nine four six on the copyright page
syn-en-time-033,qwen3-tts,Time,b_passes,The broadcast begins at 6:38 on channel four.,six thirty eight,The broadcast begins at 6.38 on Channel 4.,the broadcast begins at six thirty eight on channel four
syn-en-date-029,orpheus-3b,Date,a_passes,Construction is due to finish on Jul 7.,july seventh,Construction is due to finish on July 7th.,construction is due to finish on july seven
syn-en-date-013,chatterbox-multilingual,Date,b_passes,The museum reopened on Mar 26 after the renovation.,march twenty sixth,The museum reopened on March 26 after the renovation.,the museum reopened on march twenty sixth after the renovation
syn-en-cardinal-019,kokoro-82m,Cardinal,b_passes,"The factory produced 208,486,546 units last quarter.",two hundred eight million four hundred eighty six thousand five hundred forty six,"The factory produced 208,480,6546 units last quarter.",the factory produced two hundred eight million four hundred eighty six thousand five hundred forty six units last quarter
syn-en-isbn-018,orpheus-3b,ISBN,b_passes,Quote ISBN-10 5-641-76964-5 when you contact the publisher directly.,i s b n ten five six four one seven six nine six four five,Call ISBN 10-5641-7649-645 when you contact the publisher directly.,code isbn ten five six four one seven six four nine six four five when you contact the publisher directly
syn-en-ordinal-031,qwen3-tts,Ordinal,b_passes,This is the 483rd attempt at the same problem.,four hundred eighty third,This is the four-hundred-and-a-third attempt at the same problem.,this is the four hundred and eighty third attempt at the same problem
syn-en-fractions-030,orpheus-3b,Fractions,b_passes,The board is 5/6 of an inch thick.,five sixths,The board is 5-6 of an inch thick.,the board is five sixth of an inch thick
syn-en-time-006,kokoro-82m,Time,b_passes,We should meet in the lobby at 16:06 tomorrow.,sixteen oh six,"We should meet in the lobby at 16, 06 tomorrow.",we should meet in the lobby at sixteen zero six tomorrow
syn-en-vehicle-or-product-code-032,chatterbox-turbo,Vehicle or Product Code,b_passes,The identification number on the plate reads CH898453 clearly.,c h eight nine eight four five three,The identification number on the plate reads CH8984563 clearly.,the identification number on the plate reads c h eight nine eight four five six three clearly
syn-en-phone-number-038,qwen3-tts,Phone Number,a_passes,The support line is 800-658-2751 for urgent problems.,eight zero zero six five eight two seven five one,The support line is 800-658-2751 for urgent problems.,the support line is eight hundred to six five eight to two seven five one for urgent problems
syn-en-chemical-formula-021,chatterbox,Chemical Formula,a_passes,The sample turned out to be H2O2 after analysis.,h two o two,The sample turned out to be H2O2 after analysis.,the sample turned out to be h two zero two after analysis
syn-en-roman-numeral-031,qwen3-tts,Roman Numeral,a_passes,Super Bowl CCLXVII drew a record television audience.,two hundred sixty seven,Super Bowl CCLXVII drew a record television audience.,super bowl ccl xvii drew a record television audience
syn-en-currency-024,chatterbox,Currency,a_passes,She paid $387.59 for the second hand bicycle.,three hundred eighty seven dollars and fifty nine cents,She paid $387.59 for the second-hand bicycle.,she paid three hundred eighty seven point five nine for the secondhand bicycle
syn-en-cardinal-014,chatterbox,Cardinal,a_passes,"The factory produced 4,838 units last quarter.",four thousand eight hundred thirty eight,"The factory produced 4,838 units last quarter.",factory produced four thousand eight thirty eight units last quarter
syn-en-chemical-formula-018,chatterbox,Chemical Formula,a_passes,The reaction produces H2O2 as a by product.,h two o two,The reaction produces H2O2 as a byproduct.,the reaction produces h two zero two as a byproduct
syn-en-cardinal-008,kokoro-82m,Cardinal,b_passes,"Roughly 2,481 visitors came through the gates.",two thousand four hundred eighty one,"Roughly 2,400—80—won visitors came through the gates.",roughly two thousand four hundred eighty one visitors came through the gates
syn-en-sports-score-012,chatterbox-turbo,Sports score,a_passes,They won 48-110 in the opening round.,forty eight to one hundred ten,They won 48-110 in the opening round.,they won forty eight one ten in the opening round
syn-en-unit-032,kokoro-82m,Unit,b_passes,The recipe calls for 9227 sec of cold water.,nine thousand two hundred twenty seven seconds,The recipe calls for 90-227-SEC of cold water.,the recipe calls for ninety two twenty seven sec of cold water
syn-en-ordinal-012,chatterbox-multilingual,Ordinal,a_passes,The office is on the 951st floor of the tower.,nine hundred fifty first,The office is on the 951st floor of the tower.,the office is on the ninety five and first floor of the tower
syn-en-address-002,kokoro-82m,Address,b_passes,"The property at 485 Danforth Sq, Apt 147 has been empty for months.",four eight five square apartment one hundred forty seven,"The property at 485 Danforth Eskew, Apt. 147, has been empty for months.",the property at four hundred eighty five danforth sq apt one hundred forty seven has been empty for months
syn-en-unit-019,chatterbox-turbo,Unit,b_passes,The ceiling clears 3856 yards above the floor.,three thousand eight hundred fifty six,The ceiling clears 38.56 yards above the floor.,the ceiling clears three thousand eight hundred fifty six yards above the floor
syn-en-decimal-020,kokoro-82m,Decimal,b_passes,The sensor reported a reading of 908.783277 at noon.,nine hundred eight point seven eight three two seven seven,"The sensor reported a reading of 908.7832, seven-seven at noon.",the sensor reported a reading of nine hundred and eight point seven eight three two seven seven at noon
syn-en-musical-notation-013,orpheus-3b,Musical Notation,a_passes,The second movement is written in 6/8 time throughout.,six eight,The second movement is written in 6-8 time throughout.,the second movement is written in sixeight time throughout
syn-en-sports-score-014,kokoro-82m,Sports score,a_passes,The visitors lost 38-21 on Saturday afternoon.,thirty eight to twenty one,The visitors lost 38-21 on Saturday afternoon.,the visitors lost thirty eight twenty one on saturday afternoon
syn-en-unit-013,kokoro-82m,Unit,b_passes,The prescription is 8210 lb taken twice daily.,eight thousand two hundred ten pounds,The prescription is 80-210. LB taken twice daily.,the prescription is eight thousand two hundred ten lb taken twice daily
syn-en-phone-number-012,qwen3-tts,Phone Number,a_passes,Leave a message at 1-617-674-3752 and someone will call back.,one six one seven six seven four three seven five two,Leave a message at 1617 674 3752 and someone will call back.,leave a message at one six one seven six seven four three seven five someone will call back
syn-en-url-or-email-030,chatterbox,URL or Email,b_passes,You can find the documentation at yuki.patel@granite.io online.,yuki dot patel at granite dot io,You can find the documentation at yuki.patelgranate.io online.,you can find the documentation at yuki dot patel granite dot i o online
syn-en-sports-score-017,chatterbox,Sports score,a_passes,They won 39-8 in the opening round.,thirty nine to eight,They won 39-8 in the opening round.,they won thirty nine eight in the opening round
syn-en-address-010,chatterbox-turbo,Address,a_passes,The office has moved to 6562 Juniper St since the merger.,six five six two street,The office has moved to 6562 Juniverse St. since the merger.,the office has moved to sixty five sixty two juniper c since the merger
syn-en-currency-020,chatterbox,Currency,a_passes,The final invoice came to $372.97 including tax.,three hundred seventy two dollars and ninety seven cents,The final invoice came to $372.97 including tax.,the final invoice came to three hundred seventy two ninety seven including tax
syn-en-geographic-coordinates-008,orpheus-3b,Geographic Coordinates,a_passes,"The reading from the handset was 61.2633° S, 21.5262° W at dawn.",sixty one point two six three three degrees south twenty one point five two six two degrees west,"The reading from the handset was 61.2633°S, 21.5262°W at dawn.",the reading from the handset was sixty one point two six three three degrees s twenty one point five two six two degrees west at dawn
syn-en-license-plate-or-serial-numbers-006,kokoro-82m,License Plate or Serial Numbers,a_passes,The serial number engraved on the frame is SN-AH61395 here.,s n a h six one three nine five,The serial number engraved on the frame is SNAH 61395 here.,the serial number engraved on the frame is sn ah six one three nine five here
syn-en-abbreviation-032,parler-tts,Abbreviation,b_passes,The lecture is given by Ms. Harrington on Tuesdays.,miss,The lecture is given by M. S. Grace.,the lecture is given by ms grace
syn-en-initialism-or-acronym-010,chatterbox-multilingual,Initialism or Acronym,b_passes,The report was prepared by the ISO last winter.,i s o,The report was prepared by the ISA last winter.,the report was prepared by the iso last winter
syn-en-fractions-007,orpheus-3b,Fractions,b_passes,The board is 2/6 of an inch thick.,two sixths,The board is 2 6 of an inch thick.,the board is two sixth of an inch thick
syn-en-url-or-email-001,orpheus-3b,URL or Email,a_passes,Send the completed form to http://www.granite.dev before Friday.,h t t p colon slash slash w w w dot granite dot dev,Send the completed form to http://www.granite.dev before Friday.,send the completed form to http colon slash slack w w w dot granite dot dev before friday
syn-en-license-plate-or-serial-numbers-012,kokoro-82m,License Plate or Serial Numbers,b_passes,Warranty claims require the code 3AT274RN from the label.,three a t two seven four r n,Warranty claims require the code 38274RN from the label.,warranty claims require the code three at274 rn from the label
syn-en-time-028,orpheus-3b,Time,b_passes,The broadcast begins at 19:30 on channel four.,nineteen thirty,The broadcast begins at 19.30 on Channel 4.,the broadcast begins at nineteen thirty on channel four
syn-en-chemical-formula-015,chatterbox,Chemical Formula,a_passes,The compound is written as BaO in the textbook.,b a o,The compound is written as BaO in the textbook.,the compound is written as baio in the textbook
syn-en-address-008,kokoro-82m,Address,a_passes,"She grew up in a small house at 4190 Danforth Pl, Ste 357 near the river.",four one nine zero place suite three hundred fifty seven,"She grew up in a small house at 4190 Danforth, PL, Ste 357 near the river.",she grew up in a small house at forty one ninety danforth pl sti three hundred fifty seven near the river
syn-en-time-005,chatterbox-turbo,Time,b_passes,The train to the coast departs at 4:57 every weekday.,four fifty seven,The train to the coast departs at 4.57 every weekday.,the train to the coast departs at four fifty seven every weekday
syn-en-stock-ticker-015,orpheus-3b,Stock Ticker,a_passes,The fund holds a large position in MCD right now.,m c d,The fund holds a large position in MCD right now.,the fund holds a large position in ncd right now
syn-en-phone-number-008,kokoro-82m,Phone Number,b_passes,The support line is 503-382-9967 for urgent problems.,five zero three three eight two nine nine six seven,The support line is 500-338-29967 for urgent problems.,the support line is five hundred three three eighty two nine nine six seven for urgent problems
syn-en-ordinal-008,kokoro-82m,Ordinal,b_passes,He was the 57th person to sign the register.,fifty seventh,He was the fifty-seventh person to sign the register.,he was the fifty seventh person to sign the register
syn-en-currency-007,chatterbox,Currency,a_passes,"The repair will cost $2,352 according to the estimate.",two thousand three hundred fifty two dollars,"The repair will cost $2,352 according to the estimate.",the repair will cost two thousand three hundred fifty two according to the estimate
syn-en-license-plate-or-serial-numbers-012,chatterbox-turbo,License Plate or Serial Numbers,b_passes,Warranty claims require the code 3AT274RN from the label.,three a t two seven four r n,Warranty claims require the code 380274RN from the label.,warranty claims require the code 3at274rn from the label
syn-en-chemical-formula-039,orpheus-3b,Chemical Formula,b_passes,The label on the bottle simply says Al2O3 in pencil.,a l two o three,The label on the bottle simply says AL203 in pencil.,the label on the bottle simply says al2o3 in pencil
syn-en-sports-score-009,kokoro-82m,Sports score,a_passes,The visitors lost 61-107 on Saturday afternoon.,sixty one to one hundred seven,The visitors lost 61-107 on Saturday afternoon.,the visitors lost sixty one one zero seven on saturday afternoon
syn-en-time-012,kokoro-82m,Time,b_passes,Breakfast is served at 21:09 in the dining room.,twenty one oh nine,"Breakfast is served at 21, 09 in the dining room.",breakfast is served at twenty one zero nine in the dining room
syn-en-fractions-026,kokoro-82m,Fractions,a_passes,About 1/8 of the committee voted in favour.,one eighth,About one-eighth of the committee voted in favor.,about one eight of the committee voted in favor
syn-en-geographic-coordinates-035,qwen3-tts,Geographic Coordinates,a_passes,"The station sits at 59.6534° S, 140.4645° E on the survey map.",fifty nine point six five three four degrees south one hundred forty point four six four five degrees east,"The station sits at 59.6534°S, 140.4645°E on the survey map.",the station sits at fifty nine point six five three four degrees celsius one hundred forty point four six four five degrees in on the survey map
syn-en-date-003,chatterbox-multilingual,Date,b_passes,The museum reopened on 4th June 2014 after the renovation.,fourth twenty fourteen,The museum reopened on 4th June 2014 after the renovation.,museum reopened on fourth june twenty fourteen after the renovation
syn-en-ordinal-016,qwen3-tts,Ordinal,a_passes,This is the 738th attempt at the same problem.,seven hundred thirty eighth,This is the 738th attempt at the same problem.,this is the seventhirty eighth attempt at the same problem
syn-en-chemical-formula-004,chatterbox,Chemical Formula,a_passes,The formula ZnO appears in the second table.,z n o,The formula ZNO appears in the second table.,the formula z and o appears in the second table
syn-en-cardinal-023,kokoro-82m,Cardinal,b_passes,"Roughly 160,755,331 visitors came through the gates.",one hundred sixty million seven hundred fifty five thousand three hundred thirty one,"Roughly 160,755,330 One visitors came through the gates.",roughly one hundred sixty million seven hundred fifty five thousand three hundred thirty one visitors came through the gates
syn-en-version-numbers-031,chatterbox-turbo,Version Numbers,b_passes,This bug was fixed in version 9.27.6 of the shared library.,nine point twenty seven point six,This bug was fixed in version 9.27.6 of the shared library.,this bug was fixed in version nine point two seven point six of the shared library
syn-en-initialism-or-acronym-029,orpheus-3b,Initialism or Acronym,a_passes,Funding for the project came from the NOAA directly.,n o a a,Funding for the project came from the NOAA directly.,funding for the project came from the nola directly
syn-en-time-011,orpheus-3b,Time,b_passes,We should meet in the lobby at 10:04 tomorrow.,ten oh four,We should meet in the lobby at 10-04 tomorrow.,we should meet in the lobby at ten zero four tomorrow
syn-en-geographic-coordinates-039,orpheus-3b,Geographic Coordinates,a_passes,The coordinates in the logbook are 3.5615° N precisely.,three point five six one five degrees north,The coordinates in the logbook are 3.5615°N precisely.,the coordinates in the logbook are three point five six one five degrees known precisely
syn-en-roman-numeral-031,kokoro-82m,Roman Numeral,a_passes,Super Bowl CCLXVII drew a record television audience.,two hundred sixty seven,Super Bowl CCLXVII drew a record television audience.,super bowl ccl xvi drew a record television audience
syn-en-abbreviation-018,qwen3-tts,Abbreviation,b_passes,The lecture is given by Gov. Harrington on Tuesdays.,governor,The lecture is given by Gough Harrington on Tuesdays.,the lecture is given by gov harrington on tuesdays
syn-en-version-numbers-009,chatterbox-multilingual,Version Numbers,a_passes,The release notes for version 11.14 mention the change.,eleven point fourteen,The release notes for version 11.14 mention the change.,release notes for version eleven fourteen mention the change
syn-en-currency-005,qwen3-tts,Currency,a_passes,"The final invoice came to $8,595,211.89 including tax.",eight million five hundred ninety five thousand two hundred eleven dollars and eighty nine cents,"The final invoice came to $8,595,211.89 including tax.",the final invoice came to eight thousand five hundred ninety five thousand two hundred eleven dollars eighty nine including tax
syn-en-time-004,qwen3-tts,Time,b_passes,Her flight is expected to land at 22:42.,twenty two forty two,Her flight is expected to land at 22.42.,her flight is expected to land at twenty two forty two
syn-en-time-033,chatterbox-turbo,Time,b_passes,The broadcast begins at 6:38 on channel four.,six thirty eight,The broadcast begins at 6.38 on Channel 4.,the broadcast begins at six thirty eight on channel four
syn-en-time-038,qwen3-tts,Time,b_passes,The broadcast begins at 3:30 on channel four.,three thirty,The broadcast begins at 3.30 on Channel 4.,the broadcast begins at three thirty on channel four
syn-en-abbreviation-002,qwen3-tts,Abbreviation,b_passes,The parcel is addressed to Gov. Ramsey in accounting.,governor,The parcel is addressed to GovRamsey in accounting.,the parcel is addressed to gov ramsey in accounting
syn-en-url-or-email-010,qwen3-tts,URL or Email,a_passes,You can find the documentation at https://www.clearwater.net online.,h t t p s colon slash slash w w w dot clearwater dot net,You can find the documentation at https://www.clearwater.net online.,you can find the documentation at https:w w w dot clearwater dot net online
syn-en-fractions-009,chatterbox-multilingual,Fractions,a_passes,Only 4/6 of the seats were sold in advance.,four sixths,Only four-sixths of the seats were sold in advance.,only four six of the seats were sold in advance
syn-en-roman-numeral-031,chatterbox-turbo,Roman Numeral,a_passes,Super Bowl CCLXVII drew a record television audience.,two hundred sixty seven,Super Bowl CCLXVII drew a record television audience.,super bowl ccl xvii drew a record television audience
syn-en-cardinal-032,qwen3-tts,Cardinal,a_passes,"The library holds 2,323,614 volumes in its archive.",two million three hundred twenty three thousand six hundred fourteen,"The library holds 2,323,614 volumes in its archive. 为该解轨网词取编力的",the library holds two thousand three hundred and twenty three thousand six hundred and fourteen volumes in its archive
syn-en-time-032,qwen3-tts,Time,b_passes,Breakfast is served at 5:55 in the dining room.,five fifty five,Breakfast is served at 5.55 in the dining room.,breakfast is served at five fifty five in the dining room
syn-en-roman-numeral-013,kokoro-82m,Roman Numeral,a_passes,Volume CXXXVII is missing from the shelf.,one hundred thirty seven,Volume CXXXVII is missing from the shelf.,volume cxxxvi is missing from the shelf
syn-en-time-040,chatterbox,Time,b_passes,The train to the coast departs at 9:54 every weekday.,nine fifty four,The train to the coast departs at 9-5-4 every weekday.,the train to the coast departs at nine five four every weekday
syn-en-fractions-012,chatterbox-multilingual,Fractions,b_passes,The board is 1/4 of an inch thick.,one quarter,The board is one-fourth of an inch thick.,the board is one fourth of an inch thick
syn-en-mathematical-expression-033,chatterbox-turbo,Mathematical Expression,b_passes,Check that 134 + 335 = 469 before moving to the next step.,one hundred thirty four plus three hundred thirty five equals four hundred sixty nine,Check that 134 plus 335 ebols 469 before moving to the next stat.,check that one thirty four plus thirty three five equals four six nine before moving to the next stat
syn-en-currency-040,kokoro-82m,Currency,a_passes,"The final invoice came to $4,222,618.23 including tax.",four million two hundred twenty two thousand six hundred eighteen dollars and twenty three cents,"The final invoice came to $4,222,618.23, including tax.",the final invoice came to four million two hundred twenty two thousand six hundred eighteen point two three including tax
syn-en-url-or-email-031,kokoro-82m,URL or Email,a_passes,Send the completed form to http://www.ironwood.org before Friday.,h t t p colon slash slash w w w dot ironwood dot org,Send the completed form to http://www.ironwood.org before Friday.,send the completed form to http slash slash w w w dot ironwood dot org before friday
syn-en-date-040,kokoro-82m,Date,b_passes,The event is scheduled for 5th January 2017 at the main hall.,fifth twenty seventeen,The event is scheduled for 5th January 2017 at the Main Hall.,the event is scheduled for fifth january twenty seventeen at the main hall
syn-en-geographic-coordinates-019,qwen3-tts,Geographic Coordinates,a_passes,"The coordinates in the logbook are 75.5770° S, 94.3943° E precisely.",seventy five point five seven seven zero degrees south ninety four point three nine four three degrees east,The coordinates in the logbook are 75.5770°S 94.3943°E precisely.,the coordinates in the logbook are seventy five point five seven seven zero degrees celsius ninety four point three nine four three degrees e precisely
syn-en-cardinal-004,orpheus-3b,Cardinal,a_passes,"The factory produced 86,778,321 units last quarter.",eighty six million seven hundred seventy eight thousand three hundred twenty one,"The factory produced 86,778,321 units last quarter.",the factory produced eighty six thousand seven hundred and seventy eight thousand three hundred and twenty one units last quarter
syn-en-url-or-email-015,kokoro-82m,URL or Email,a_passes,You can find the documentation at http://www.granite.org online.,h t t p colon slash slash w w w dot granite dot org,You can find the documentation at http://www.granite.org online.,you can find the documentation at http slash slash w w w dot granite dot org online
syn-en-legal-reference-016,kokoro-82m,Legal Reference,b_passes,See Chapter 31.9 of the contract for the exact wording.,thirty one point nine,"See Chapter 30, 1.9, of the Contract for the Exact Wording.",see chapter thirty one point nine of the contract for the exact wording
syn-en-time-037,kokoro-82m,Time,b_passes,Breakfast is served at 23:08 in the dining room.,twenty three oh eight,"Breakfast is served at twenty-three, zero-eight in the dining room.",breakfast is served at twenty three zero eight in the dining room
syn-en-ordinal-027,chatterbox-multilingual,Ordinal,a_passes,The office is on the 50th floor of the tower.,fiftieth,The office is on the 50th floor of the tower.,the office is on the fifteenth floor of the tower
syn-en-cardinal-025,kokoro-82m,Cardinal,b_passes,"The stadium seats 448,547,668 people on a full night.",four hundred forty eight million five hundred forty seven thousand six hundred sixty eight,"The stadium seats 448,540,7668 people on a full night.",the stadium seats four hundred forty eight million five hundred forty seven thousand six hundred sixty eight people on a full night
syn-en-biological-classification-034,qwen3-tts,Biological Classification,a_passes,An outbreak of H2N1 was reported in three counties.,h two n one,An outbreak of H2N1 was reported in three counties.,an outbreak of h2a1 was reported in three counties
syn-en-sports-score-013,chatterbox-multilingual,Sports score,a_passes,The game finished 42-94 despite the weather.,forty two to ninety four,The game finished 42-94 despite the weather.,game finished forty two point nine four despite the weather
syn-en-url-or-email-007,chatterbox-turbo,URL or Email,a_passes,The registration page is example.io/start for new members.,example dot io slash start,The Registration page is example.io/.start for new members.,the registration page is example iostart for new members
syn-en-phone-number-001,chatterbox-turbo,Phone Number,a_passes,Her office number is (800) 337-1457 if you need to call.,eight zero zero three three seven one four five seven,Her office number is 800-337-1457 if you need to call.,her office number is eight hundred three hundred thirty seven fourteen fifty seven if you need to call
syn-en-abbreviation-026,chatterbox-turbo,Abbreviation,a_passes,Please direct your question to Sen. Okafor after class.,senator,Please direct your question to Senator Okafor after class.,please direct your question to senard oca-four after class
syn-en-time-024,qwen3-tts,Time,b_passes,Her flight is expected to land at 16:38.,sixteen thirty eight,Her flight is expected to land at 16.38.,her flight is expected to land at sixteen thirty eight
syn-en-isbn-031,qwen3-tts,ISBN,b_passes,Order the textbook using ISBN-10 4-742-12424-2 from the supplier.,i s b n ten four seven four two one two four two four two,Order the textbook using ISBN 1047422124242424242424242 from the supplier.,order the textbook using isbn ten four seven four two two one two four two four two four two four two two four two four two four two from the supplier
syn-en-time-029,orpheus-3b,Time,a_passes,Her flight is expected to land at 15:03.,fifteen oh three,Her flight is expected to land at 1503.,her flight is expected to land at fifteen o three
syn-en-currency-021,orpheus-3b,Currency,a_passes,"They raised $3,391,196.92 for the local hospital fund.",three million three hundred ninety one thousand one hundred ninety six dollars and ninety two cents,"They raised $3,391,196.92 to the local hospital fund.",they raised three thousand three hundred and ninety one thousand one hundred and ninety six dollars and ninety two to the local hospital fund
syn-en-time-010,qwen3-tts,Time,b_passes,The train to the coast departs at 3:52 every weekday.,three fifty two,The train to the coast departs at 3.52 every weekday.,the train to the coast departs at three fifty two every weekday
syn-en-roman-numeral-009,qwen3-tts,Roman Numeral,a_passes,Part CCCXL of the series was published last spring.,three hundred forty,Part CCCXL of the series was published last spring.,part ccc excel of the series was published last spring
syn-en-unit-038,kokoro-82m,Unit,b_passes,The prescription is 5626 km taken twice daily.,five thousand six hundred twenty six kilometers,"The prescription is 56-26-KM, taken twice daily.",the prescription is five thousand six hundred twenty six kilometers taken twice daily
syn-en-musical-notation-016,chatterbox-multilingual,Musical Notation,a_passes,The score is marked E7 at the top of the page.,e seven,The score is marked E7 at the top of the page.,score is marked e s even at the top of the page
syn-en-url-or-email-031,chatterbox-turbo,URL or Email,a_passes,Send the completed form to http://www.ironwood.org before Friday.,h t t p colon slash slash w w w dot ironwood dot org,Send the completed form to http://www.ironwood.org before Friday.,send the completed form to http:w w w dot ironwood dot org before friday
syn-en-unit-007,chatterbox,Unit,b_passes,The recipe calls for 6030 ml of cold water.,six thousand thirty milliliters,The recipe calls for 60-30 ml of cold water.,the recipe calls for sixty thirty ml of cold water
syn-en-date-040,chatterbox-turbo,Date,b_passes,The event is scheduled for 5th January 2017 at the main hall.,fifth twenty seventeen,The event is scheduled for 5th January 2017 at the Main Hall.,the event is scheduled for fifth january twenty seventeen at the main hall
syn-en-fractions-012,qwen3-tts,Fractions,b_passes,The board is 1/4 of an inch thick.,one quarter,The board is 1 fourth of an inch thick.,the board is one fourth of an inch thick
syn-en-url-or-email-013,kokoro-82m,URL or Email,a_passes,Write to http://www.quietriver.org if the problem happens again.,h t t p colon slash slash w w w dot quietriver dot org,Write to http://www.quietriver.org if the problem happens again.,write to http slash slash w w w dot quietriver dot org if the problem happens again
syn-en-vehicle-or-product-code-034,kokoro-82m,Vehicle or Product Code,b_passes,The warranty card lists the unit as GX-46-V77 instead.,g x four six v seven seven,The warranty card lists the unit as GX40-6V77 instead.,the warranty card lists the unit as g x forty six v seventy seven instead
syn-en-decimal-012,qwen3-tts,Decimal,b_passes,The gauge settled at 754.54872 after an hour.,seven hundred fifty four point five four eight seven two,The gauge settled at 754.54 A72 after an hour.,the gauge settled at seven hundred fifty four point five four eight seven two after an hour
syn-en-url-or-email-026,kokoro-82m,URL or Email,a_passes,Send the completed form to https://www.bluestem.dev before Friday.,h t t p s colon slash slash w w w dot bluestem dot dev,Send the completed form to https://www.bluestem.dev before Friday.,send the completed form to https slash slash w w w dot bluestem dev before friday
syn-en-time-017,chatterbox-multilingual,Time,b_passes,Breakfast is served at 8:45 in the dining room.,eight forty five,Breakfast is served at 8.45 in the dining room.,breakfast is served at eight forty five in the dining room
syn-en-sports-score-005,kokoro-82m,Sports score,a_passes,The final score was 92-111 after extra time.,ninety two to one hundred eleven,"The final score was 92-111, after extra time.",the final score was ninety two thousand one hundred eleven after extra time
syn-en-abbreviation-018,kokoro-82m,Abbreviation,a_passes,The lecture is given by Gov. Harrington on Tuesdays.,governor,"The lecture is given by Gov, Harrington on Tuesdays.",the lecture is given by gav harrington on tuesdays
syn-en-isbn-009,kokoro-82m,ISBN,b_passes,The second reprint carries ISBN 978-7-47-101243-0 on the copyright page.,i s b n nine seven eight seven four seven one zero one two four three zero,The second reprint carries ISBN 978-740-710-12430 on the copyright page.,the second reprint carries isbn nine hundred seventy eight seven forty seven one zero one two four three zero on the copyright page
syn-en-unit-038,chatterbox-turbo,Unit,b_passes,The prescription is 5626 km taken twice daily.,five thousand six hundred twenty six kilometers,"The prescription is 56.26 kilometers, taken twice daily.",the prescription is five thousand six hundred twenty six kilometers taken twice daily
syn-en-legal-reference-015,chatterbox-turbo,Legal Reference,a_passes,The claim was filed under 14 U.S.C. 9548 in federal court.,fourteen u s c nine thousand five hundred forty eight,The claim was filed under 14 U.S.C. 9548 in federal court.,the claim was filed under fourteen u c nine thousand five hundred forty eight in federal court
syn-en-address-033,chatterbox-turbo,Address,a_passes,She grew up in a small house at 7704 Danforth St near the river.,seven seven zero four street,She grew up in a small house at 7704 Danforth St. near the river.,she grew up in a small house at seven thousand seven hundred and four danforth saint near the river
syn-en-phone-number-017,chatterbox,Phone Number,a_passes,Leave a message at (305) 990-3042 and someone will call back.,three zero five nine nine zero three zero four two,Leave a message at 305-990-3042 and someone will call back.,leave a message at three zero five nine ninety three zero four two and someone will call back
syn-en-currency-003,chatterbox-turbo,Currency,b_passes,The painting sold for $565 at the auction house.,five hundred sixty five dollars,The painting sold for $5.65 at the auction house.,the painting sold for five sixty five dollars at the auction house
syn-en-ordinal-016,chatterbox-turbo,Ordinal,a_passes,This is the 738th attempt at the same problem.,seven hundred thirty eighth,This is the 738th attempt at the same problem.,this is the seventhirty eighth attempt of the same problem
syn-en-date-013,chatterbox,Date,a_passes,The museum reopened on Mar 26 after the renovation.,march twenty sixth,The museum reopened on March 26th after the renovation.,the museum reopened on march twenty six after the renovation
syn-en-roman-numeral-021,kokoro-82m,Roman Numeral,a_passes,Super Bowl CCCXCVI drew a record television audience.,three hundred ninety six,"Super Bowl, CCCXCVI, drew a record television audience.",super bowl drew a record television audience
syn-en-abbreviation-002,kokoro-82m,Abbreviation,a_passes,The parcel is addressed to Gov. Ramsey in accounting.,governor,The parcel is addressed to Gov. Ramsey in Accounting.,the parcel is addressed to gove ramsey in accounting
syn-en-sports-score-005,chatterbox-turbo,Sports score,a_passes,The final score was 92-111 after extra time.,ninety two to one hundred eleven,The final score was 92-111 after extra time.,the final score was ninety two and one hundred eleven after extra time
syn-en-isbn-001,kokoro-82m,ISBN,b_passes,Order the textbook using ISBN 978-4-31-293930-9 from the supplier.,i s b n nine seven eight four three one two nine three nine three zero nine,Order the textbook using ISBN 978430-12939309 from the supplier.,order the textbook using isbn nine hundred seventy eight four thirty one two nine three nine three zero nine from the supplier
syn-en-cardinal-001,orpheus-3b,Cardinal,a_passes,"The survey collected 65,578,689 responses in total.",sixty five million five hundred seventy eight thousand six hundred eighty nine,"The survey collected 65,578,689 responses in total.",the survey collected sixty five thousand five hundred and seventy eight thousand six hundred and eighty nine responses in total
syn-en-url-or-email-010,kokoro-82m,URL or Email,a_passes,You can find the documentation at https://www.clearwater.net online.,h t t p s colon slash slash w w w dot clearwater dot net,You can find the documentation at https://www.clearwater.net online.,you can find the documentation at https:w w w dot clearwater dot online
syn-en-unit-010,orpheus-3b,Unit,a_passes,The package weighs 26 hr on the postal scale.,twenty six hours,The package weighs 26 HR on the postal scale.,the package weighs 26h are on the postal scale
syn-en-isbn-011,chatterbox-turbo,ISBN,a_passes,Order the textbook using ISBN 978-5-54-397937-2 from the supplier.,i s b n nine seven eight five five four three nine seven nine three seven two,Order the textbook using ISBN 978-554-397-9372 from the supplier.,order the textbook using isbn nine seventy eight thousand five hundred fifty four th97-nine thousand three and seventy two from the supplier
syn-en-phone-number-009,kokoro-82m,Phone Number,b_passes,Call (702) 291-9795 to confirm the appointment.,seven zero two two nine one nine seven nine five,Call 702-290-19795 to confirm the appointment.,call seven zero two two hundred ninety one nine seven nine five to confirm the appointment
syn-en-license-plate-or-serial-numbers-019,chatterbox-turbo,License Plate or Serial Numbers,a_passes,The officer wrote down XWC-3132 at the scene.,x w c three one three two,The officer wrote down XWC-3132 at the scene.,the officer wrote down xwc-three thousand one thirty two at the scene
syn-en-currency-005,chatterbox-turbo,Currency,a_passes,"The final invoice came to $8,595,211.89 including tax.",eight million five hundred ninety five thousand two hundred eleven dollars and eighty nine cents,"The final invoice came to $8,595,211.89, including tax.",the final invoice came to eight thousand five hundred ninety five thousand two hundred eleven dot eighty nine including tax
syn-en-musical-notation-025,orpheus-3b,Musical Notation,a_passes,She hummed 5/4 time quietly while tuning the instrument.,five four,She hummed 5-4 time quietly while tuning the instrument.,she hummed fivefour time quietly while tuning the instrument
syn-en-initialism-or-acronym-017,orpheus-3b,Initialism or Acronym,b_passes,The SEC confirmed the findings in a short statement.,s e c,BSEC confirmed the findings in a short statement.,the sec confirmed the findings in a short statement
syn-en-isbn-005,chatterbox-turbo,ISBN,b_passes,The number printed on the back cover is ISBN 978-0-48-761294-4 exactly.,i s b n nine seven eight zero four eight seven six one two nine four four,The number printed on the back cover is ISBN 978-048-7612944 exactly.,the number printed on the back cover is isbn nine seventy eight zero four eight seven six one two nine four four exactly
syn-en-address-037,kokoro-82m,Address,a_passes,"The property at 4007 Walnut Sq, Ste 231 has been empty for months.",four zero zero seven square suite two hundred thirty one,The property at 4007 Walnut Sq. Ste 231 has been empty for months.,the property at four thousand seven walnut sq st two hundred thirty one has been empty for months
syn-en-currency-020,orpheus-3b,Currency,a_passes,The final invoice came to $372.97 including tax.,three hundred seventy two dollars and ninety seven cents,The final invoice came to $372.97 clean tax.,the final invoice came to three hundred and seventy two dollars and ninety seven's clean tax
syn-en-phone-number-033,orpheus-3b,Phone Number,a_passes,The support line is (415) 850-3732 for urgent problems.,four one five eight five zero three seven three two,The support line is 415-850-3732 for urgent problems.,the support line is four fifteen eight fifty three seven three two for urgent problems
syn-en-time-032,kokoro-82m,Time,b_passes,Breakfast is served at 5:55 in the dining room.,five fifty five,"Breakfast is served at five, fifty-five in the dining room.",breakfast is served at five fifty five in the dining room
syn-en-decimal-021,chatterbox,Decimal,a_passes,The average came out to 337.1371 across the sample.,three hundred thirty seven point one three seven one,The average came out to 337.1371 across the sample.,the average came out to three thirty seven dot one third seven one across the sample
syn-en-time-038,chatterbox-turbo,Time,b_passes,The broadcast begins at 3:30 on channel four.,three thirty,The broadcast begins at 3.30 on Channel 4.,the broadcast begins at three thirty on channel four
syn-en-date-031,chatterbox-turbo,Date,b_passes,Her birthday falls on 13th February 2022 this year.,thirteenth twenty twenty two,Her birthday falls on 13 February 2022 this year.,her birthday falls on thirteenth february twenty twenty two this year
syn-en-abbreviation-016,qwen3-tts,Abbreviation,b_passes,The letter was signed by Sgt. Delacroix in person.,sergeant,The letter was signed by Sargeant Delacroix in person.,the letter was signed by sergeant delacroix in person
syn-en-vehicle-or-product-code-029,qwen3-tts,Vehicle or Product Code,a_passes,The warranty card lists the unit as GA-3383 instead.,g a three three eight three,The warranty card lists the unit as GA3383 instead.,the warranty card lists the unit as ga-three thousand three eighty three instead
syn-en-isbn-017,qwen3-tts,ISBN,a_passes,The catalogue lists the title under ISBN-10 5-502-45415-6 instead.,i s b n ten five five zero two four five four one five six,The catalogue lists the title under ISBN 105502454156 instead.,the catalog lists the title under isbn ten fifty five million two hundred forty five thousand four hundred and fifty six instead
syn-en-isbn-024,kokoro-82m,ISBN,b_passes,The second reprint carries ISBN 978-0-63-987027-9 on the copyright page.,i s b n nine seven eight zero six three nine eight seven zero two seven nine,The second reprint carries ISBN 97806039870279 on the copyright page.,the second reprint carries isbn nine hundred seventy eight zero sixty three nine eight seven zero two seven nine on the copyright page
syn-en-fractions-009,kokoro-82m,Fractions,a_passes,Only 4/6 of the seats were sold in advance.,four sixths,Only four-sixths of the seats were sold in advance.,only four six of the seats were sold in advance
syn-en-geographic-coordinates-023,orpheus-3b,Geographic Coordinates,a_passes,"The reading from the handset was 80.0010° S, 14.7840° E at dawn.",eighty point zero zero one zero degrees south fourteen point seven eight four zero degrees east,"The reading from the handset was 80.0010°S, 14.7840°E at dawn.",the reading from the handset was eighty point zero zero one zero degrees s fourteen point seven eight four zero degrees e at dawn
syn-en-chemical-formula-040,orpheus-3b,Chemical Formula,b_passes,The reaction produces Na2SO4 as a by product.,n a two s o four,The reaction produces ANA2SO4 as a byproduct.,the reaction produces na2so4 as a byproduct
syn-en-time-024,kokoro-82m,Time,b_passes,Her flight is expected to land at 16:38.,sixteen thirty eight,Her flight is expected to land at 16.38.,her flight is expected to land at sixteen thirty eight
syn-en-time-032,chatterbox-turbo,Time,b_passes,Breakfast is served at 5:55 in the dining room.,five fifty five,Breakfast is served at 5555 in the dining room.,breakfast is served at five five five fifty five in the dining room
syn-en-stock-ticker-012,qwen3-tts,Stock Ticker,a_passes,Analysts downgraded GOOG after the earnings call.,g o o g,Analysts downgraded Goog after the earnings call.,analysts downgraded google after the earnings call
syn-en-isbn-031,kokoro-82m,ISBN,b_passes,Order the textbook using ISBN-10 4-742-12424-2 from the supplier.,i s b n ten four seven four two one two four two four two,Order the textbook using ISBN 10-474021242-42 from the supplier.,order the textbook using isbn ten four seven forty two one two four two four two from the supplier
syn-en-address-018,qwen3-tts,Address,a_passes,She grew up in a small house at 7702 Oak Pkwy near the river.,seven seven zero two parkway,She grew up in a small house at 7702 Oak Parkway near the river.,she grew up in a small house at seven thousand seven hundred two oak park queen near the river
syn-en-sports-score-008,chatterbox,Sports score,a_passes,The game finished 40-30 despite the weather.,forty to thirty,The game finished 40-30 despite the weather.,the game finished forty thirty despite the weather
syn-en-isbn-022,qwen3-tts,ISBN,a_passes,The catalogue lists the title under ISBN 978-4-91-141845-5 instead.,i s b n nine seven eight four nine one one four one eight four five five,The catalogue lists the title under ISBN 978-491-1418-455 instead.,the catalog lists its title under isbn nine seventy eight-four ninety one-fourteen eighteen-four fifty five instead
syn-en-sports-score-024,qwen3-tts,Sports score,a_passes,The visitors lost 89-82 on Saturday afternoon.,eighty nine to eighty two,The visitors lost 89-82 on Saturday afternoon.,the visitors lost eighty nine point eight two on saturday afternoon
syn-en-geographic-coordinates-019,chatterbox-turbo,Geographic Coordinates,a_passes,"The coordinates in the logbook are 75.5770° S, 94.3943° E precisely.",seventy five point five seven seven zero degrees south ninety four point three nine four three degrees east,"The coordinates in the logbook are 75.5770° S, 94.3943° E precisely.",the coordinates in the logbook are seventy five point five seven seventy degrees s ninety four point three nine four three degrees e precisely
syn-en-abbreviation-036,chatterbox,Abbreviation,b_passes,The lecture is given by Capt. Harrington on Tuesdays.,captain,The lecture is given by Kapt Harrington on Tuesdays.,the lecture is given by capt harrington on tuesdays
syn-en-phone-number-016,chatterbox-multilingual,Phone Number,b_passes,Her office number is 1-415-824-9880 if you need to call.,one four one five eight two four nine eight eight zero,Her office number is 1-40-15-8024-9888 if you need to call.,her office number is one four zero one five eight zero two four nine eight eight eight if you need to call
syn-en-cardinal-012,chatterbox-turbo,Cardinal,a_passes,"The library holds 753,137,476 volumes in its archive.",seven hundred fifty three million one hundred thirty seven thousand four hundred seventy six,"The library holds 753,137,476 volumes in its archive.",the library holds seven hundred fifty three thousand one hundred thirty seven thousand four hundred seventy six volumes in its archive
syn-en-roman-numeral-032,orpheus-3b,Roman Numeral,a_passes,The inscription on the cornerstone reads CCLXXVII.,two hundred seventy seven,"The inscription on the cornerstone reads, CCLXXVII.",the inscription on the cornerstone reads ccl xxvii
syn-en-sports-score-020,kokoro-82m,Sports score,a_passes,The final score was 26-120 after extra time.,twenty six to one hundred twenty,"The final score was 26-120, after extra time.",the final score was twenty six one twenty after extra time
syn-en-initialism-or-acronym-032,chatterbox-multilingual,Initialism or Acronym,a_passes,The FEC published new guidance on the subject.,f e c,The FEC published new guidance on the subject.,the phe c published new guidance on the subject he's
syn-en-geographic-coordinates-027,orpheus-3b,Geographic Coordinates,a_passes,Set the marker to 10.7273° S before you leave the dock.,ten point seven two seven three degrees south,Set the marker to 10.7273°S before you leave the dock.,set the marker to ten point seven two seven three degrees s before you leave the dock
syn-en-sports-score-022,orpheus-3b,Sports score,a_passes,They won 73-32 in the opening round.,seventy three to thirty two,They won 73-32 in the opening round.,they won seventy three point three two in the opening round
syn-en-fractions-040,chatterbox,Fractions,a_passes,Add 2/10 of a cup of flour to the mixture.,two tenths,Add two-tenths of a cup of flour to the mixture.,add two ten of a cup of flour to the mixture
syn-en-musical-notation-013,chatterbox-multilingual,Musical Notation,a_passes,The second movement is written in 6/8 time throughout.,six eight,The second movement is written in 6-8 time throughout.,the second movement is written in sixeight time throughout
syn-en-legal-reference-013,chatterbox,Legal Reference,a_passes,Refer to Article XXV before signing the lease agreement.,twenty five,Refer to Article XXV before signing the lease agreement.,refer to article x x v before signing the lease agreement
syn-en-currency-038,chatterbox,Currency,a_passes,"The painting sold for $7,797,049.36 at the auction house.",seven million seven hundred ninety seven thousand forty nine dollars and thirty six cents,"The painting sold for $7,797,049.36 at the auction house.",the painting sold for seven thousand seven ninety seven thousand and forty nine three six at the auction house
syn-en-stock-ticker-034,qwen3-tts,Stock Ticker,a_passes,Trading in TXN was halted briefly this morning.,t x n,Trading in TXN was halted briefly this morning.,training in gxn was halted briefly this morning
syn-en-initialism-or-acronym-003,chatterbox-multilingual,Initialism or Acronym,b_passes,Funding for the project came from the NIH directly.,n i h,Funding for the project came from the NIA directly.,funding for the project came from the nih directly
syn-en-url-or-email-009,orpheus-3b,URL or Email,a_passes,The archive is hosted at https://www.saltmarsh.co for now.,h t t p s colon slash slash w w w dot saltmarsh dot co,The archive is hosted at https://www.saltmarsh.co for now.,the archive is hosted at https:w w w dot saltmarsh dot co for now
syn-en-sports-score-036,chatterbox,Sports score,a_passes,The match ended 35-22 in front of a full crowd.,thirty five to twenty two,The match ended 35-22 in front of a full crowd.,the match ended thirty five twenty two in front of a full crowd
syn-en-mathematical-expression-018,qwen3-tts,Mathematical Expression,a_passes,Check that 83 - 14 = 69 before moving to the next step.,eighty three minus fourteen equals sixty nine,Check that 83 minus 14 equals 69 before moving to the next step.,check that eighty three minuteus fourteen equals sixty nine before moving to the next step
syn-en-sports-score-011,kokoro-82m,Sports score,a_passes,The match ended 22-6 in front of a full crowd.,twenty two to six,The match ended 22-6 in front of a full crowd.,the match ended twenty two six in front of a full crowd
syn-en-stock-ticker-020,qwen3-tts,Stock Ticker,a_passes,He bought QCOM in the first week of the quarter.,q c o m,He bought Qcom in the first week of the quarter.,he bought cucum in the first week of the quarter
syn-en-cardinal-036,orpheus-3b,Cardinal,a_passes,"The survey collected 537,628,765 responses in total.",five hundred thirty seven million six hundred twenty eight thousand seven hundred sixty five,"The survey collected 537,628,765 responses in total.",the survey collected five hundred and thirty seven thousand six hundred and twenty eight thousand seven hundred and sixty five responses in total
syn-en-unit-021,chatterbox-turbo,Unit,b_passes,The trail runs 3286 mm through the forest.,three thousand two hundred eighty six millimeters,The trail runs 32.8 6mm through the forest.,the trail runs thirty two eight six millimeters through the forest
syn-en-sports-score-018,chatterbox-turbo,Sports score,a_passes,The game finished 1-61 despite the weather.,one to sixty one,The game finished 1-61 despite the weather.,the game finished one in sixty one despite the weather
syn-en-geographic-coordinates-015,orpheus-3b,Geographic Coordinates,a_passes,"The station sits at 39.0118° N, 155.4779° W on the survey map.",thirty nine point zero one one eight degrees north one hundred fifty five point four seven seven nine degrees west,The station sits at 39.0118°N 155.4779°W on the survey map.,the station sits at thirty nine point zero one one eight degrees n one hundred fifty five point four seven seven nine degrees w on the survey map
syn-en-time-031,chatterbox-turbo,Time,b_passes,We should meet in the lobby at 10:15 tomorrow.,ten fifteen,We should meet in the lobby at 10.15 tomorrow.,we should meet in the lobby at ten fifteen tomorrow
syn-en-time-040,orpheus-3b,Time,b_passes,The train to the coast departs at 9:54 every weekday.,nine fifty four,The train to the coast departs at 9.54 every weekday.,the train to the coast departs at nine fifty four every weekday
syn-en-unit-033,chatterbox-turbo,Unit,b_passes,The prescription is 8746 lb taken twice daily.,eight thousand seven hundred forty six pounds,The prescription is 8746LB taken twice daily.,the prescription is eight thousand seven hundred forty six lb taken twice daily
syn-en-url-or-email-019,orpheus-3b,URL or Email,a_passes,The archive is hosted at https://www.archive.org for now.,h t t p s colon slash slash w w w dot archive dot org,The archive is hosted at https://www.archive.org for now.,the archive is hosted at https:w w w dot archive dot org for now
syn-en-isbn-036,qwen3-tts,ISBN,b_passes,Order the textbook using ISBN 978-6-85-512835-4 from the supplier.,i s b n nine seven eight six eight five five one two eight three five four,Order the textbook using ISBN 978-6A5512835-4 from the supplier.,order the textbook using isbn nine seventy eight-six eighty five-five twelve-eight thousand three hundred and fifty four from the supplier
syn-en-roman-numeral-034,kokoro-82m,Roman Numeral,a_passes,Part CCIII of the series was published last spring.,two hundred three,Part CCIII of the series was published last spring.,part c ciii of the series was published last spring
syn-en-sports-score-033,chatterbox-multilingual,Sports score,a_passes,The game finished 26-60 despite the weather.,twenty six to sixty,The game finished 26-60 despite the weather.,the game finished twenty six sixty despite the weather
syn-en-abbreviation-021,chatterbox-multilingual,Abbreviation,a_passes,The letter was signed by Lt. Delacroix in person.,lieutenant,The letter was signed by L.T. Delacroix in person.,the letter was signed by el t delacroix in person
syn-en-legal-reference-012,kokoro-82m,Legal Reference,b_passes,The judge cited 49 U.S.C. 8673 in the written opinion.,forty nine u s c eight thousand six hundred seventy three,The judge cited 49 U.S.C. 80-673 in the written opinion.,the judge cited forty nine usc eighty six seventy three in the written opinion
syn-en-address-016,qwen3-tts,Address,b_passes,"Deliveries should be sent to 4642 Elm Blvd, Unit 121 during the week.",four six four two boulevard one hundred twenty one,Deliveries should be sent to 4642 L. Bolivard Unit 121 during the week.,deliveries should be sent to four six four two elm boulevard unit one two one during the week
syn-en-time-028,qwen3-tts,Time,b_passes,The broadcast begins at 19:30 on channel four.,nineteen thirty,The broadcast begins at 19.30 on Channel 4.,the broadcast begins at nineteen thirty on channel four
syn-en-geographic-coordinates-014,orpheus-3b,Geographic Coordinates,a_passes,"The coordinates in the logbook are 63.4899° N, 147.8522° E precisely.",sixty three point four eight nine nine degrees north one hundred forty seven point eight five two two degrees east,"The coordinates in the log book are 63.4899°N, 147.8522°E precisely.",the coordinates in the logbook are sixty three point four eight nine nine degrees now one hundred forty seven point eight five two two degrees e precisely
syn-en-roman-numeral-033,orpheus-3b,Roman Numeral,b_passes,Volume CCCXX is missing from the shelf.,three hundred twenty,Volume CCC XX is missing from the shelf.,volume cccxx is missing from the shelf
syn-en-license-plate-or-serial-numbers-040,orpheus-3b,License Plate or Serial Numbers,a_passes,The license plate on the van reads SN-BX45593 clearly.,s n b x four five five nine three,The license plate on the van reads SNBX45593 Clery.,the license plate on the van reads sndx4553 clearly
syn-en-sports-score-024,kokoro-82m,Sports score,a_passes,The visitors lost 89-82 on Saturday afternoon.,eighty nine to eighty two,The visitors lost 89-82 on Saturday afternoon.,the visitors lost eighty nine eighty two on saturday afternoon
syn-en-url-or-email-038,kokoro-82m,URL or Email,a_passes,Write to https://www.granite.com if the problem happens again.,h t t p s colon slash slash w w w dot granite dot com,Write to https://www.granite.com if the problem happens again.,write to https slash slash w w w dot granite dot com if the problem happens again
syn-en-mathematical-expression-010,chatterbox-turbo,Mathematical Expression,b_passes,The worksheet asks the student to show that 219 + 99 = 318.,two hundred nineteen plus ninety nine equals three hundred eighteen,The worksheet asks the student to show that 210 plus 99 equals 318.,the worksheet asks the student to show that two hundred nineteen plus ninety nine equals three hundred eighteen
syn-en-abbreviation-003,parler-tts,Abbreviation,a_passes,Please direct your question to Ms. Okafor after class.,miss,Please direct your question to Ms. Ricker for after class.,please direct your question to me in script before or after class
syn-en-sports-score-026,chatterbox-turbo,Sports score,b_passes,The match ended 118-86 in front of a full crowd.,one hundred eighteen to eighty six,The match ended 1-18-86 in front of a full crowd.,the match ended one eighteen:eighty six in front of a full crowd
syn-en-legal-reference-017,orpheus-3b,Legal Reference,a_passes,The judge cited 44 U.S.C. 4221 in the written opinion.,forty four u s c four thousand two hundred twenty one,The judge cited 44 U.S.C. 4221 in the written opinion.,the judge cited forty four u c four thousand two hundred twenty one in the written opinion
syn-en-musical-notation-015,chatterbox-turbo,Musical Notation,b_passes,Transpose the melody into 12/8 time before the rehearsal.,twelve eight,Transpose the melody into 12 ash to a time before the rehearsal.,transpose the melody into twelve-eight time before the rehearsal
syn-en-url-or-email-040,orpheus-3b,URL or Email,a_passes,You can find the documentation at http://www.northfield.co online.,h t t p colon slash slash w w w dot northfield dot co,You can find the documentation at http://www.northfield.co online.,you can find the documentation at h t t p colon slash w w w dot northfield dot co online
syn-en-legal-reference-012,chatterbox-turbo,Legal Reference,a_passes,The judge cited 49 U.S.C. 8673 in the written opinion.,forty nine u s c eight thousand six hundred seventy three,The judge cited 49 U.S.C. 8673 in the written opinion.,the judge cited forty nine u c eight thousand six hundred seventy three in the written opinion
syn-en-sports-score-013,chatterbox,Sports score,a_passes,The game finished 42-94 despite the weather.,forty two to ninety four,"The game finished 42-94, despite the weather.",the game finished forty two ninety four despite the weather
syn-en-license-plate-or-serial-numbers-023,chatterbox-multilingual,License Plate or Serial Numbers,a_passes,The inventory sheet records the unit as PNC-3900 instead.,p n c three nine zero zero,The inventory sheet records the unit as PNC 3900 instead.,the inventory sheet records the unit as p and c three nine hundred instead
syn-en-musical-notation-033,orpheus-3b,Musical Notation,a_passes,Transpose the melody into 2/4 time before the rehearsal.,two four,Transpose the melody into 2-4 time before the rehearsal.,transpose the melody into twofour time before the rehearsal
syn-en-isbn-018,kokoro-82m,ISBN,b_passes,Quote ISBN-10 5-641-76964-5 when you contact the publisher directly.,i s b n ten five six four one seven six nine six four five,Quote ISBN 10-5640-17696-45 when you contact the publisher directly.,quote isbn ten five six forty one seven six nine six four five when you contact the publisher directly
syn-en-fractions-030,kokoro-82m,Fractions,b_passes,The board is 5/6 of an inch thick.,five sixths,The board is 5-6 of an inch thick.,the board is five sixth of an inch thick
syn-en-time-005,chatterbox,Time,b_passes,The train to the coast departs at 4:57 every weekday.,four fifty seven,The train to the coast departs at 45.7 every weekday.,the train to the coast departs at forty five seven every weekday
syn-en-date-021,chatterbox-turbo,Date,a_passes,Her birthday falls on Apr 29 this year.,april twenty ninth,Her birthday falls on April 29th this year.,her birthday falls on april twenty nine this year
syn-en-phone-number-016,kokoro-82m,Phone Number,b_passes,Her office number is 1-415-824-9880 if you need to call.,one four one five eight two four nine eight eight zero,Her office number is 1-4-15-8-24-9-8-8-0 if you need to call.,her office number is one four fifteen eight twenty four nine eight eight zero if you need to call
syn-en-url-or-email-012,chatterbox-turbo,URL or Email,a_passes,The registration page is https://www.quietriver.org for new members.,h t t p s colon slash slash w w w dot quietriver dot org,The registration page is https://www.quietriver.org for new members.,the registration page is https:w w w dot quietriver dot org for new members
syn-en-chemical-formula-034,orpheus-3b,Chemical Formula,b_passes,The formula Fe2O3 appears in the second table.,f e two o three,The formula FE203 appears in the second table.,the formula fe2o3 appears in the second table
syn-en-license-plate-or-serial-numbers-013,qwen3-tts,License Plate or Serial Numbers,a_passes,The inventory sheet records the unit as SN-DB94168 instead.,s n d b nine four one six eight,The inventory sheet records the unit as SNDB 94168 instead.,the inventory sheet records the unit ssndb nine four one six eight instead
syn-en-url-or-email-035,chatterbox-turbo,URL or Email,a_passes,You can find the documentation at clearwater.io/intro online.,clearwater dot io slash intro,You can find the documentation at clearwater.io slash intro online.,you can find the documentation at clearwater iointro online
syn-en-sports-score-032,chatterbox,Sports score,a_passes,They won 113-99 in the opening round.,one hundred thirteen to ninety nine,They won 113-99 in the opening round.,they won one thirteen ninety nine in the opening round
syn-en-isbn-018,chatterbox-turbo,ISBN,a_passes,Quote ISBN-10 5-641-76964-5 when you contact the publisher directly.,i s b n ten five six four one seven six nine six four five,Quote ISBN 10-5-641-76964-5 when you contact the publisher directly.,quote isbn ten five-six forty one-seven sixty nine-six forty five when you contact the publisher directly
syn-en-musical-notation-013,kokoro-82m,Musical Notation,a_passes,The second movement is written in 6/8 time throughout.,six eight,The second movement is written in 6-8 time throughout.,the second movement is written in sixeight time throughout
syn-en-abbreviation-008,kokoro-82m,Abbreviation,b_passes,The letter was signed by Col. Delacroix in person.,colonel,The letter was signed by Carl Delacroix in person.,the letter was signed by col de la croix in person
syn-en-decimal-002,chatterbox,Decimal,a_passes,The gauge settled at 75.041832 after an hour.,seventy five point zero four one eight three two,The gauge settled at 75.041832 after an hour.,the gauge settled at seventy five point o four one eight thirty two after an hour
syn-en-ordinal-005,chatterbox-turbo,Ordinal,a_passes,She finished 892nd in the regional championship.,eight hundred ninety second,She finished 892nd in the regional championship.,she finished eight ninety second in the regional championship
syn-en-phone-number-036,kokoro-82m,Phone Number,b_passes,Her office number is 1-212-849-1684 if you need to call.,one two one two eight four nine one six eight four,Her office number is 1-212-840-91684 if you need to call.,her office number is one two twelve eight forty nine one six eight four if you need to call
syn-en-ordinal-014,chatterbox,Ordinal,a_passes,They celebrated their 995th anniversary quietly.,nine hundred ninety fifth,They celebrated their 995th anniversary quietly.,they celebrated their nine nine fifth anniversary quietly
syn-en-chemical-formula-033,chatterbox,Chemical Formula,a_passes,The reaction produces CoCl2 as a by product.,c o c l two,The reaction produces CoCl2 as a byproduct.,the reaction produces cocal two as a byproduct
syn-en-url-or-email-015,orpheus-3b,URL or Email,a_passes,You can find the documentation at http://www.granite.org online.,h t t p colon slash slash w w w dot granite dot org,You can find the documentation at http://www.granite.org online.,you can find the documentation at http:w w w dot granite dot org online
syn-en-isbn-036,kokoro-82m,ISBN,b_passes,Order the textbook using ISBN 978-6-85-512835-4 from the supplier.,i s b n nine seven eight six eight five five one two eight three five four,Order the textbook using ISBN 978-680-55128354 from the supplier.,order the textbook using isbn nine hundred seventy eight thousand six hundred eighty five five one two eight three five four from the supplier
syn-en-geographic-coordinates-004,orpheus-3b,Geographic Coordinates,a_passes,"The coordinates in the logbook are 88.7120° N, 176.5495° E precisely.",eighty eight point seven one two zero degrees north one hundred seventy six point five four nine five degrees east,"The coordinates in the logbook are 88.7120°N, 176.5495°E precisely.",the coordinates in the logbook are eighty eight point seven one two zero degrees nef one hundred seventy six point five four nine five degrees e precisely
syn-en-phone-number-030,chatterbox,Phone Number,b_passes,You can reach the front desk at 415-677-0228 during the day.,four one five six seven seven zero two two eight,You can reach the front desk at 415-677-0228 during the day.,you can reach the front desk at four fifteen six seven seven zero two two eight during the day
syn-en-sports-score-038,chatterbox,Sports score,a_passes,The game finished 69-37 despite the weather.,sixty nine to thirty seven,"The game finished 69-37, despite the weather.",the game finished sixty nine thirty seven despite the weather
syn-en-isbn-035,chatterbox,ISBN,b_passes,The number printed on the back cover is ISBN 978-2-63-708365-5 exactly.,i s b n nine seven eight two six three seven zero eight three six five five,"The number printed on the back cover is ISBN 978-2263-708365, 5 exactly.",the number printed on the back cover is isbn nine seven eight two two six three seven zero eight three six five five exactly
syn-en-cardinal-033,chatterbox,Cardinal,a_passes,"Roughly 608,022,736 visitors came through the gates.",six hundred eight million twenty two thousand seven hundred thirty six,"Roughly 608,022,736 visitors came through the gates.",roughly six hundred and eight thousand twenty two thousand seven three six visitors came through the gates
syn-en-biological-classification-008,chatterbox-multilingual,Biological Classification,b_passes,Researchers sequenced B9S6 earlier this year.,b nine s six,Researchers sequenced Benia6 earlier this year.,researchers sequenced b9s6 earlier this year
syn-en-unit-029,kokoro-82m,Unit,b_passes,The ceiling clears 5 ft above the floor.,five feet,The ceiling clears 5FT above the floor.,the ceiling clears five feet above the floor
syn-en-legal-reference-001,kokoro-82m,Legal Reference,b_passes,See 7 U.S.C. 8688 of the contract for the exact wording.,seven u s c eight thousand six hundred eighty eight,See 7 U.S.C. 80-688 of the contract for the exact wording.,c seven usc eighty six eighty eight of the contract for the exact wording
syn-en-ordinal-019,chatterbox-turbo,Ordinal,a_passes,They celebrated their 540th anniversary quietly.,five hundred fortieth,They celebrated their 540th anniversary quietly.,they celebrated their five fortieth anniversary quietly
syn-en-stock-ticker-007,orpheus-3b,Stock Ticker,b_passes,Analysts downgraded MSFT after the earnings call.,m s f t,Analysts downgraded NSFT after the earnings call.,analysts downgraded msft after the earnings call
syn-en-vehicle-or-product-code-037,orpheus-3b,Vehicle or Product Code,a_passes,The identification number on the plate reads XKG-53-N63 clearly.,x k g five three n six three,The identification number on the plate reads XKG 53 N63 clearly.,the identification number on the plate reads xkg fifty three and sixty three clearly
syn-en-url-or-email-039,chatterbox,URL or Email,a_passes,The archive is hosted at https://www.ironwood.dev for now.,h t t p s colon slash slash w w w dot ironwood dot dev,The archive is hosted at https://www.ironwood.dev for now.,the archive is hosted at h t t p s w w w dot ironwood dot dev for now
syn-en-chemical-formula-009,chatterbox-turbo,Chemical Formula,b_passes,The formula CoCl2 appears in the second table.,c o c l two,The formula COSYL2 appears in the second table.,the formula cocl2 appears in the second table
syn-en-currency-021,qwen3-tts,Currency,a_passes,"They raised $3,391,196.92 for the local hospital fund.",three million three hundred ninety one thousand one hundred ninety six dollars and ninety two cents,"They raised $3,391,196.92 for the local hospital fund.",they raised three thousand three hundred and ninety one thousand one hundred and ninety six point nine two dollars for the local hospital fund
syn-en-fractions-007,chatterbox-turbo,Fractions,b_passes,The board is 2/6 of an inch thick.,two sixths,The board is 2-6 of an inch thick.,the board is two sixth of an inch thick
syn-en-legal-reference-005,orpheus-3b,Legal Reference,a_passes,The claim was filed under 37 U.S.C. 5816 in federal court.,thirty seven u s c five thousand eight hundred sixteen,The claim was filed under 37 U.S.C. 5816 in federal court.,the claim was filed under thirty seven u s c fiveeight one-sixteen in federal court
syn-en-sports-score-033,kokoro-82m,Sports score,a_passes,The game finished 26-60 despite the weather.,twenty six to sixty,The game finished 26-60 despite the weather.,the game finished twenty six sixty despite the weather
syn-en-phone-number-005,chatterbox,Phone Number,a_passes,You can reach the front desk at 1-206-809-5659 during the day.,one two zero six eight zero nine five six five nine,You can reach the front desk at 1-206-809-5659 during the day.,you can reach the front desk at twelve twenty six-eight zero nine-five thousand six hundred fifty nine during the day
syn-en-unit-037,chatterbox,Unit,a_passes,The recipe calls for 23 kg of cold water.,twenty three kilograms,the recipe calls for 23 kg of cold water,the recipe calls for twenty three kijram of cold water
syn-en-chemical-formula-039,kokoro-82m,Chemical Formula,a_passes,The label on the bottle simply says Al2O3 in pencil.,a l two o three,The label on the bottle simply says Al2O3 in pencil.,the label on the bottle simply says alteo three in pencil
syn-en-geographic-coordinates-017,orpheus-3b,Geographic Coordinates,a_passes,"Set the marker to 3.7103° S, 31.2932° E before you leave the dock.",three point seven one zero three degrees south thirty one point two nine three two degrees east,"Set the marker to 3.7103°S, 31.2932°E, before you leave the dock.",set the marker to three point seven one zero three degrees s thirty one point two nine three two degrees e before you leave the dock
syn-en-time-028,chatterbox-turbo,Time,b_passes,The broadcast begins at 19:30 on channel four.,nineteen thirty,The broadcast begins at 19.30 on Channel 4.,the broadcast begins at nineteen thirty on channel four
syn-en-roman-numeral-029,chatterbox,Roman Numeral,a_passes,Part CXLIV of the series was published last spring.,one hundred forty four,Part CXLIV of the series was published last spring.,part c x l i v of the series was published last spring
syn-en-phone-number-026,kokoro-82m,Phone Number,b_passes,Her office number is (312) 796-5975 if you need to call.,three one two seven nine six five nine seven five,Her office number is 312-790-65975 if you need to call.,her office number is three hundred twelve seven hundred ninety six five nine seven five if you need to call
syn-en-initialism-or-acronym-009,orpheus-3b,Initialism or Acronym,b_passes,The BBC confirmed the findings in a short statement.,b b c,The DBC confirmed the findings in a short statement.,the bbc confirmed the findings in a short statement
syn-en-unit-020,chatterbox,Unit,b_passes,The package weighs 91 cm on the postal scale.,ninety one centimeters,The package weighs 91 centimetres on the postal scale.,the package weighs ninety one centimeters on the postal scale
syn-en-time-011,kokoro-82m,Time,b_passes,We should meet in the lobby at 10:04 tomorrow.,ten oh four,"We should meet in the lobby at 10, 04 tomorrow.",we should meet in the lobby at ten zero four tomorrow
syn-en-address-022,kokoro-82m,Address,b_passes,"The property at 3171 Wexley Ct, Apt 120 has been empty for months.",three one seven one court apartment one hundred twenty,The property at 30171 Wexley CT. APT 120 has been empty for months.,the property at thirty one seventy one wexley ct apt one hundred and twenty has been empty for months
syn-en-date-003,orpheus-3b,Date,b_passes,The museum reopened on 4th June 2014 after the renovation.,fourth twenty fourteen,The museum reopened on 4th June 2014 after the renovation.,the museum reopened on fourth june twenty fourteen after the renovation
syn-en-phone-number-001,chatterbox,Phone Number,a_passes,Her office number is (800) 337-1457 if you need to call.,eight zero zero three three seven one four five seven,Her office number is 800-337-1457 if you need to call.,her office number is eight hundred three thirty seven one four five seven if you need to call
syn-en-cardinal-022,chatterbox,Cardinal,a_passes,"The library holds 7,815,211 volumes in its archive.",seven million eight hundred fifteen thousand two hundred eleven,"The library holds 7,815,211 volumes in its archive.",the library holds seven eight hundred and fifteen thousand two eleven volumes in its archive
syn-en-chemical-formula-021,qwen3-tts,Chemical Formula,a_passes,The sample turned out to be H2O2 after analysis.,h two o two,The sample turned out to be H2O2 after analysis.,the sample turned out to be h two zero two after analysis
syn-en-decimal-005,qwen3-tts,Decimal,b_passes,The sensor reported a reading of 935.490912 at noon.,nine hundred thirty five point four nine zero nine one two,The sensor reported a reading of 975.490912 at noon.,the sensor reported a reading of nine hundred and thirty five point four nine zero nine one two at noon
syn-en-date-026,chatterbox-turbo,Date,b_passes,Her birthday falls on 20th December 2014 this year.,twentieth twenty fourteen,Her birthday falls on 20th December 2014 this year.,her birthday falls on twentieth december twenty fourteen this year
syn-en-isbn-037,chatterbox-turbo,ISBN,a_passes,The catalogue lists the title under ISBN 978-7-65-224425-9 instead.,i s b n nine seven eight seven six five two two four four two five nine,The catalog lists the title under ISBN 978-765-224-425-9 instead.,the catalog lists the title under isbn nine seventy eight-seven sixty five-two twenty four-four twenty five-nine instead
syn-en-sports-score-036,orpheus-3b,Sports score,a_passes,The match ended 35-22 in front of a full crowd.,thirty five to twenty two,The match ended 35-22 in front of a full crowd.,the match ended 3five twenty two in front of a full crowd
syn-en-address-017,chatterbox-multilingual,Address,a_passes,The property at 4724 Sycamore Ct has been empty for months.,four seven two four court,The property at 4724 Sycamore CT has been empty for months.,the property at fourseventwenty four sycamore ct has been empty for months
syn-en-license-plate-or-serial-numbers-013,kokoro-82m,License Plate or Serial Numbers,a_passes,The inventory sheet records the unit as SN-DB94168 instead.,s n d b nine four one six eight,The inventory sheet records the unit as SNDB 94168 instead.,the inventory sheet records the unit as sn db nine four one six eight instead
syn-en-version-numbers-040,qwen3-tts,Version Numbers,b_passes,The installer will update the client to version 4.22 tonight.,four point twenty two,The installer will update the client to version 4.22.9.,the installer will update the client to version 4.22:nite
syn-en-cardinal-006,orpheus-3b,Cardinal,a_passes,"The survey collected 6,910,369 responses in total.",six million nine hundred ten thousand three hundred sixty nine,"The survey collected 6,910,369 responses in total.",the survey collected six thousand nine hundred and ten thousand three hundred and sixty nine responses in total
syn-en-stock-ticker-021,chatterbox-multilingual,Stock Ticker,b_passes,Trading in KO was halted briefly this morning.,k o,Trading in CAO was halted briefly this morning.,trading in ko was halted briefly this morning
syn-en-time-013,orpheus-3b,Time,b_passes,The broadcast begins at 12:11 on channel four.,twelve eleven,The broadcast begins at 12.11 on Channel 4.,the broadcast begins at twelve eleven on channel four
syn-en-geographic-coordinates-032,qwen3-tts,Geographic Coordinates,a_passes,Set the marker to 20.4031° S before you leave the dock.,twenty point four zero three one degrees south,Set the marker to 20.4031°S before you leave the dock.,set the marker to twenty point four zero three one degree celsius before you leave the dock
syn-en-license-plate-or-serial-numbers-028,kokoro-82m,License Plate or Serial Numbers,a_passes,The inventory sheet records the unit as SN-NW16422 instead.,s n n w one six four two two,The inventory sheet records the unit as SNNW16422 instead.,the inventory sheet records the unit as sn and w one six four two two instead
syn-en-url-or-email-020,kokoro-82m,URL or Email,a_passes,You can find the documentation at harborlight.co/reference online.,harborlight dot co slash reference,You can find the documentation at Harborlight.co slash reference online,you can find the documentation at harbor light co slash reference online
syn-en-chemical-formula-015,chatterbox-multilingual,Chemical Formula,a_passes,The compound is written as BaO in the textbook.,b a o,The compound is written as BaO in the textbook.,the compound is written as bayo in the textbook
syn-en-cardinal-001,qwen3-tts,Cardinal,a_passes,"The survey collected 65,578,689 responses in total.",sixty five million five hundred seventy eight thousand six hundred eighty nine,"The survey collected 65,578,689 responses in total.",the survey collected sixty five thousand five hundred and seventy eight thousand six hundred and eighty nine responses in total
syn-en-unit-010,qwen3-tts,Unit,b_passes,The package weighs 26 hr on the postal scale.,twenty six hours,The package weighs 26 hardars on the Posto scale.,the package weighs twenty six hard hours on the postal scale
syn-en-sports-score-039,kokoro-82m,Sports score,a_passes,The visitors lost 89-93 on Saturday afternoon.,eighty nine to ninety three,The visitors lost 89-93 on Saturday afternoon.,the visitors lost eighty nine ninety three on saturday afternoon
syn-en-chemical-formula-024,chatterbox,Chemical Formula,b_passes,The formula CaSO4 appears in the second table.,c a s o four,"The formula, CAS04, appears in the second table.",the formula caso four appears in the second table
syn-en-geographic-coordinates-012,chatterbox-turbo,Geographic Coordinates,a_passes,"Set the marker to 21.5487° N, 139.4849° W before you leave the dock.",twenty one point five four eight seven degrees north one hundred thirty nine point four eight four nine degrees west,Set the marker to 21.5487°N 139.4849°N 139.4849°W before you leave the dock.,set the marker to twenty one point five four eight seven degrees n one hundred and thirty nine point four eight four e nine degrees n one hundred and thirty nine point forty eight to forty nine degrees w before you leave the dock
syn-en-unit-018,chatterbox,Unit,b_passes,The prescription is 43 kg taken twice daily.,forty three kilograms,The prescription is 43k gene taken twice daily.,the prescription is forty three kg taken twice daily
syn-en-cardinal-010,chatterbox-turbo,Cardinal,a_passes,"The stadium seats 633,736,975 people on a full night.",six hundred thirty three million seven hundred thirty six thousand nine hundred seventy five,"The stadium seats 633,736,975 people on a full night.",the stadium seats six hundred thirty three thousand seven hundred thirty six thousand nine hundred seventy five people on a full night
syn-en-roman-numeral-004,chatterbox-turbo,Roman Numeral,a_passes,Part IX of the series was published last spring.,nine,Part 9 of the series was published last spring.,part ninth of the series was published last spring
syn-en-isbn-038,kokoro-82m,ISBN,b_passes,Quote ISBN-10 0-819-53036-8 when you contact the publisher directly.,i s b n ten zero eight one nine five three zero three six eight,Quote ISBN 10-08-19-530368 when you contact the publisher directly.,quote isbn ten zero eight nineteen five three zero three six eight when you contact the publisher directly
syn-en-url-or-email-037,chatterbox-turbo,URL or Email,a_passes,The registration page is https://www.saltmarsh.net for new members.,h t t p s colon slash slash w w w dot saltmarsh dot net,The registration page is https://www.saltmarsh.net for new members.,the registration page is https:twelve w w dot saltmarsh dot net for new members
syn-en-abbreviation-030,qwen3-tts,Abbreviation,a_passes,Rev. Whitfield will see you in the second room.,reverend,"Reverend Whitefield, we'll see you in the second room.",robert whitfield will see you in the second room
syn-en-sports-score-006,kokoro-82m,Sports score,a_passes,The match ended 32-25 in front of a full crowd.,thirty two to twenty five,The match ended 32-25 in front of a full crowd.,the match ended thirty two twenty five in front of a full crowd
syn-en-geographic-coordinates-033,qwen3-tts,Geographic Coordinates,a_passes,"The reading from the handset was 19.4723° S, 108.1677° E at dawn.",nineteen point four seven two three degrees south one hundred eight point one six seven seven degrees east,The reading from the handset was 19.4723°S 108.1677°E at dawn.,the reading from the handset was nineteen point four seven two three degrees south one hundred and eight point one six seven seven degrees e at dawn
syn-en-phone-number-031,chatterbox,Phone Number,a_passes,Her office number is (800) 988-7445 if you need to call.,eight zero zero nine eight eight seven four four five,Her office number is 800-988-7445 if you need to call.,her office number is eight hundred nine eight eight seven four four five if you need to call
syn-en-cardinal-015,chatterbox-turbo,Cardinal,a_passes,"The stadium seats 2,667,344 people on a full night.",two million six hundred sixty seven thousand three hundred forty four,"The stadium seats 2,667,344 people on a full night.",the stadium seats two thousand six hundred and sixty seven thousand three hundred and forty four people on a full night
syn-en-mathematical-expression-039,orpheus-3b,Mathematical Expression,a_passes,The exam answer key gives 178 + 28 = 206 for question four.,one hundred seventy eight plus twenty eight equals two hundred six,The exam answer key gives 178 plus 28 equal 206 for question 4.,the exam answer key gives one hundred and seventy eight plus twenty eight point two zero six for question four
syn-en-date-004,qwen3-tts,Date,a_passes,Construction is due to finish on 2nd March 1991.,second nineteen ninety one,Construction is due to finish on 2nd March 1991.,construction is due to finish on two march nineteen ninety one
syn-en-unit-002,chatterbox-multilingual,Unit,a_passes,The recipe calls for 67 cm of cold water.,sixty seven centimeters,The recipe calls for 67 centimeter of cold water.,the recipe calls for sixty seven centiliter of cold water
syn-en-musical-notation-036,chatterbox-multilingual,Musical Notation,a_passes,The second movement is written in C7 throughout.,c seven,The second movement is written in C7 throughout.,second movement is written in cc even throughout oh
syn-en-isbn-005,chatterbox,ISBN,b_passes,The number printed on the back cover is ISBN 978-0-48-761294-4 exactly.,i s b n nine seven eight zero four eight seven six one two nine four four,The number printed on the back cover is ISBN 978-048-761294 for exactly.,the number printed on the back cover is isbn nine seven eight zero four eight seven six one two nine four four exactly
syn-en-time-029,kokoro-82m,Time,b_passes,Her flight is expected to land at 15:03.,fifteen oh three,"Her flight is expected to land at 15, 03.",her flight is expected to land at fifteen zero three
syn-en-license-plate-or-serial-numbers-038,orpheus-3b,License Plate or Serial Numbers,a_passes,The inventory sheet records the unit as RSL-7140 instead.,r s l seven one four zero,The inventory sheet records the unit as RSL 7140 instead.,the inventory sheet records the unit as rsl seven thousand one forty instead
syn-en-sports-score-013,orpheus-3b,Sports score,a_passes,The game finished 42-94 despite the weather.,forty two to ninety four,The game finished 42-94 despite the weather.,the game finished forty two point nine four despite the weather
syn-en-unit-031,kokoro-82m,Unit,b_passes,The trail runs 7243 ml through the forest.,seven thousand two hundred forty three milliliters,The trail runs 72.43 ml through the forest.,the trail runs seventy two forty three ml through the forest
syn-en-vehicle-or-product-code-016,orpheus-3b,Vehicle or Product Code,a_passes,The technician ordered replacement part SHL-69-S43 yesterday.,s h l six nine s four three,The technician ordered replacement part SHL69S43 yesterday.,the technician ordered replacement part sh l sixty nine s forty three yesterday
syn-en-roman-numeral-014,chatterbox-turbo,Roman Numeral,a_passes,Part CL of the series was published last spring.,one hundred fifty,Part CL of the series was published last spring.,part of the series was published last spring
syn-en-isbn-039,kokoro-82m,ISBN,b_passes,The second reprint carries ISBN 978-7-48-605145-1 on the copyright page.,i s b n nine seven eight seven four eight six zero five one four five one,The second reprint carries ISBN 978-740-860-51451 on the copyright page.,the second reprint carries isbn nine hundred seventy eight seven forty eight six zero five one four five one on the copyright page
syn-en-time-005,orpheus-3b,Time,b_passes,The train to the coast departs at 4:57 every weekday.,four fifty seven,The train to the coast departs at 4.57 every weekday.,the train to the coast departs at four fifty seven every weekday
syn-en-time-039,chatterbox-multilingual,Time,a_passes,Her flight is expected to land at 1:25.,one twenty five,Her flight is expected to land at 125.,flight is expected to land at one twenty
syn-en-sports-score-022,qwen3-tts,Sports score,a_passes,They won 73-32 in the opening round.,seventy three to thirty two,They won 73-32 in the opening round.,they won seventy three thirty two in the opening round
syn-en-time-008,chatterbox-multilingual,Time,a_passes,The broadcast begins at 1:18 on channel four.,one eighteen,The broadcast begins at 1-0-18 on Channel 4.,the broadcast begins at one zero eight on channel four
syn-en-ordinal-017,chatterbox,Ordinal,a_passes,The office is on the 688th floor of the tower.,six hundred eighty eighth,The office is on the 688th floor of the tower.,the office is on the six eight eight floor of the tower
syn-en-isbn-007,kokoro-82m,ISBN,b_passes,The catalogue lists the title under ISBN-10 5-233-18575-5 instead.,i s b n ten five two three three one eight five seven five five,The catalog lists the title under ISBN 10-5230-31857-55 instead.,the catalog lists the title under isbn ten five two thirty three one eight five seven five five instead
syn-en-ordinal-035,chatterbox,Ordinal,a_passes,She finished 836th in the regional championship.,eight hundred thirty sixth,She finished 836th in the regional championship.,she finished eight thirty sixth in the regional championship
syn-en-decimal-005,kokoro-82m,Decimal,b_passes,The sensor reported a reading of 935.490912 at noon.,nine hundred thirty five point four nine zero nine one two,The sensor reported a reading of 935.490-912 at noon.,the sensor reported a reading of nine hundred and thirty five point four nine zero nine one two at noon
syn-en-chemical-formula-030,chatterbox,Chemical Formula,a_passes,The compound is written as Fe2O3 in the textbook.,f e two o three,The compound is written as Fe2O3 in the textbook.,the compound is written as f two zero three in the textbook
syn-en-cardinal-039,chatterbox,Cardinal,a_passes,"The factory produced 7,959,930 units last quarter.",seven million nine hundred fifty nine thousand nine hundred thirty,"The factory produced 7,959,930 units last quarter.",the factory produced seven thousand nine hundred and fifty nine thousand nine hundred and thirty units last quarter
syn-en-phone-number-021,qwen3-tts,Phone Number,a_passes,Her office number is (617) 696-2854 if you need to call.,six one seven six nine six two eight five four,Her office number is 617-696-2854 if you need to call.,her office number is six one seventeen six nine six twenty eight five four if you need to call
syn-en-currency-001,chatterbox,Currency,a_passes,"They raised $4,825 for the local hospital fund.",four thousand eight hundred twenty five dollars,"They raised $4,825 for the local hospital fund.",they raised four thousand eight hundred twenty five for the local hospital fund
syn-en-unit-011,chatterbox-turbo,Unit,b_passes,The trail runs 7804 minutes through the forest.,seven thousand eight hundred four,The trail runs 7-8-0-4 minutes through the forest.,the trail runs seven thousand eight hundred and four minutes through the forest
syn-en-address-028,kokoro-82m,Address,a_passes,She grew up in a small house at 5558 Willow Pl near the river.,five five five eight place,She grew up in a small house at 5558 Willow P.L. near the river.,she grew up in a small house at fifty five fifty eight willow p l near the river
syn-en-sports-score-032,orpheus-3b,Sports score,a_passes,They won 113-99 in the opening round.,one hundred thirteen to ninety nine,They won 113-99 in the opening round.,they won one hundred and thirteen point nine nine dollars in the opening round
syn-en-url-or-email-009,qwen3-tts,URL or Email,a_passes,The archive is hosted at https://www.saltmarsh.co for now.,h t t p s colon slash slash w w w dot saltmarsh dot co,The archive is hosted at https://www.saltmarsh.co for now.,the archive is hosted at https:w w w dot southmarsh dot co for now
syn-en-vehicle-or-product-code-030,qwen3-tts,Vehicle or Product Code,a_passes,The model number stamped on the base is FKF152462 here.,f k f one five two four six two,The model number stamped on the base is FKF 152462 here.,the model number stamped on the base is fkf one hundred fifty two thousand four and sixty two here
syn-en-currency-026,chatterbox,Currency,a_passes,They raised $967.23 for the local hospital fund.,nine hundred sixty seven dollars and twenty three cents,May raise $967.23 for the local hospital fund.,raise nine six seven twenty three for the local hospital fund
syn-en-ordinal-022,chatterbox-multilingual,Ordinal,a_passes,The office is on the 324th floor of the tower.,three hundred twenty fourth,The office is on the 324th floor of the tower.,the office is on the three twenty fourth floor of the tower
syn-en-cardinal-009,orpheus-3b,Cardinal,a_passes,"The factory produced 437,855,693 units last quarter.",four hundred thirty seven million eight hundred fifty five thousand six hundred ninety three,"The factory produced 437,855,693 units last quarter.",the factory produced four hundred and thirty seven thousand eight hundred and fifty five thousand six hundred and ninety three units last quarter
syn-en-initialism-or-acronym-024,parler-tts,Initialism or Acronym,a_passes,The CBO published new guidance on the subject.,c b o,The CBO published new guidance on the subject.,the cboe published new guidance on the subject
syn-en-cardinal-024,orpheus-3b,Cardinal,a_passes,"The factory produced 10,437,089 units last quarter.",ten million four hundred thirty seven thousand eighty nine,"The factory produced 10,437,089 units last quarter.",the factory produced ten thousand four hundred and thirty seven thousand and eighty nine units last quarter
syn-en-time-008,qwen3-tts,Time,b_passes,The broadcast begins at 1:18 on channel four.,one eighteen,The broadcast begins at 1.18 on Channel 4.,the broadcast begins at one eighteen on channel four
syn-en-geographic-coordinates-015,qwen3-tts,Geographic Coordinates,a_passes,"The station sits at 39.0118° N, 155.4779° W on the survey map.",thirty nine point zero one one eight degrees north one hundred fifty five point four seven seven nine degrees west,The station sits at 39.0118°N 155.4779°W on the survey map.,the station sits at thirty nine point zero one one eight degrees north one hundred fifty five point four seven seven nine degrees wet on the survey map
syn-en-currency-006,chatterbox,Currency,a_passes,"They raised $2,142 for the local hospital fund.",two thousand one hundred forty two dollars,"They raised $2,142 for the local hospital fund.",they raised two thousand one hundred and forty two for the local hospital fund
syn-en-unit-012,kokoro-82m,Unit,b_passes,The recipe calls for 4655 inches of cold water.,four thousand six hundred fifty five,The recipe calls for 46-55 inches of cold water.,the recipe calls for forty six fifty five inches of cold water
syn-en-sports-score-038,orpheus-3b,Sports score,a_passes,The game finished 69-37 despite the weather.,sixty nine to thirty seven,"The game finished 69-37, despite the letter.",the game finished sixty nine point three seven despite the weather
syn-en-decimal-026,orpheus-3b,Decimal,a_passes,The average came out to 847.5262 across the sample.,eight hundred forty seven point five two six two,The average came out to 847.5262 across the sample.,the average came out to eight four seven five two six two across the sample
syn-en-isbn-035,orpheus-3b,ISBN,a_passes,The number printed on the back cover is ISBN 978-2-63-708365-5 exactly.,i s b n nine seven eight two six three seven zero eight three six five five,The number printed on the back cover is ISBN 978-2-63-708-3655 exactly.,the number printed on the back cover is isbn nine seventy eight-two sixty three-seven zero eight-three thousand six hundred fifty five exactly
syn-en-time-040,qwen3-tts,Time,b_passes,The train to the coast departs at 9:54 every weekday.,nine fifty four,The train to the coast departs at 9.54 every weekday.,the train to the coast departs at nine fifty four every weekday
syn-en-cardinal-033,orpheus-3b,Cardinal,a_passes,"Roughly 608,022,736 visitors came through the gates.",six hundred eight million twenty two thousand seven hundred thirty six,"Roughly 608,022,736 visitors came through the gates.",roughly six zero eight twenty two seven thirty six visitors came through the gates
syn-en-url-or-email-019,qwen3-tts,URL or Email,a_passes,The archive is hosted at https://www.archive.org for now.,h t t p s colon slash slash w w w dot archive dot org,The archive is hosted at https://www.archive.org. For now.,the archive is hosted at https:w w w dot archive dot org for now
syn-en-phone-number-007,chatterbox-multilingual,Phone Number,b_passes,Leave a message at 702-714-3125 and someone will call back.,seven zero two seven one four three one two five,"Leave a message at 702-714-2014, one for five, and someone will call back.",leave a message at seven zero two seven zero zero one four two three one four one four five and someone will call back
syn-en-legal-reference-019,chatterbox,Legal Reference,a_passes,The dispute turns on 48 U.S.C. 1802 more than anything else.,forty eight u s c one thousand eight hundred two,The dispute turns on 48 U.S.C. 1802 more than anything else.,the dispute turns on forty eight usc eighteen o two more than anything else
syn-en-isbn-028,kokoro-82m,ISBN,b_passes,Quote ISBN 978-0-29-134534-9 when you contact the publisher directly.,i s b n nine seven eight zero two nine one three four five three four nine,Quote ISBN 9708020-91345349 when you contact the publisher directly.,quote isbn nine hundred seventy eight zero twenty nine one three four five three four nine when you contact the publisher directly
syn-en-date-034,chatterbox-multilingual,Date,a_passes,Construction is due to finish on 9th April 1968.,ninth nineteen sixty eight,"Construction is due to finish on 9th April, 1968.",construction is due to finish on ninth april nineteen thousand six hundred eighty eight
syn-en-url-or-email-039,orpheus-3b,URL or Email,a_passes,The archive is hosted at https://www.ironwood.dev for now.,h t t p s colon slash slash w w w dot ironwood dot dev,The archive is hosted at https://www.ironwood.dev for now.,the archive is hosted at h t t p s tullis slash w w w dot ironwood dot dev for now
syn-en-chemical-formula-029,kokoro-82m,Chemical Formula,b_passes,The formula CaCO3 appears in the second table.,c a c o three,The formula COCOA-3 appears in the second table.,the formula caco-three appears in the second table
syn-en-geographic-coordinates-010,orpheus-3b,Geographic Coordinates,a_passes,"The station sits at 60.0153° S, 68.2869° W on the survey map.",sixty point zero one five three degrees south sixty eight point two eight six nine degrees west,"The station sits at 60.0153°S, 68.2869°W on the survey map.",the station sits at sixty point zero one five three degrees s sixty eight point two eight six nine degrees w on the survey map
syn-en-phone-number-032,chatterbox-multilingual,Phone Number,b_passes,Leave a message at 1-713-292-1521 and someone will call back.,one seven one three two nine two one five two one,Leave a message at 1713-2092-1522-1521 and someone will call back.,leave a message at one seven one three two zero nine two one five two two one five two one and someone will call back
syn-en-legal-reference-039,qwen3-tts,Legal Reference,b_passes,The dispute turns on 22 U.S.C. 7406 more than anything else.,twenty two u s c seven thousand four hundred six,"The dispute turns on, 22 USC, 7 Thor 0, 6 more than anything else.",the dispute turns on twenty two usc seven four zero six more than anything else
syn-en-chemical-formula-005,orpheus-3b,Chemical Formula,b_passes,The compound is written as CaO in the textbook.,c a o,The compound is written as C-A-R-L in the textbook.,the compound is written as cao in a textbook
syn-en-time-031,chatterbox,Time,b_passes,We should meet in the lobby at 10:15 tomorrow.,ten fifteen,We should meet in the lobby at 10.15 tomorrow.,we should meet in the lobby at ten fifteen tomorrow
syn-en-license-plate-or-serial-numbers-040,qwen3-tts,License Plate or Serial Numbers,b_passes,The license plate on the van reads SN-BX45593 clearly.,s n b x four five five nine three,The license plate on the van reads SN-BX45593 clearly.,the license plate on the van read s n b x four five five nine three clearly
syn-en-unit-033,chatterbox,Unit,b_passes,The prescription is 8746 lb taken twice daily.,eight thousand seven hundred forty six pounds,"The prescription is 8746LB, taken twice daily.",the prescription is eight thousand seven hundred forty six lb taken twice daily
syn-en-decimal-040,kokoro-82m,Decimal,b_passes,The sensor reported a reading of 522.169776 at noon.,five hundred twenty two point one six nine seven seven six,The sensor reported a reading of 522.169-776 at noon.,the sensor reported a reading of five hundred twenty two point one six nine seven seven six at noon
syn-en-isbn-026,kokoro-82m,ISBN,b_passes,Order the textbook using ISBN 978-8-65-790331-8 from the supplier.,i s b n nine seven eight eight six five seven nine zero three three one eight,Order the textbook using ISBN 978-860-5790-3318 from the supplier.,order the textbook using isbn nine hundred seventy eight eight sixty five seven nine zero three three one eight from the supplier
syn-en-roman-numeral-032,kokoro-82m,Roman Numeral,a_passes,The inscription on the cornerstone reads CCLXXVII.,two hundred seventy seven,"The inscription on the cornerstone reads, CCLXXVII.",the inscription on the cornerstone reads cclxx vii
syn-en-geographic-coordinates-001,orpheus-3b,Geographic Coordinates,a_passes,"The wreck was located at 78.0278° N, 1.5091° W by the search team.",seventy eight point zero two seven eight degrees north one point five zero nine one degrees west,The wreck was located at 78.0278°N 1.5091°W by the search team.,the wreck was located at seventy eight point zero two seven eight degrees mouth one point five zero nine one degrees west by the search team
syn-en-url-or-email-040,qwen3-tts,URL or Email,a_passes,You can find the documentation at http://www.northfield.co online.,h t t p colon slash slash w w w dot northfield dot co,You can find the documentation at http://www.northfield.co online.,you can find the documentation at http:co slash w w w dot northfield dot co online
syn-en-isbn-028,chatterbox-turbo,ISBN,b_passes,Quote ISBN 978-0-29-134534-9 when you contact the publisher directly.,i s b n nine seven eight zero two nine one three four five three four nine,"Quote, ISBN 978-0291345349 when you contact the publisher directly.",quote isbn nine seven eight zero two nine one three four five three four nine when you contact the publisher directly
syn-en-sports-score-022,kokoro-82m,Sports score,a_passes,They won 73-32 in the opening round.,seventy three to thirty two,They won 73-32 in the opening round.,they won seventy three thirty two in the opening round
syn-en-phone-number-001,orpheus-3b,Phone Number,b_passes,Her office number is (800) 337-1457 if you need to call.,eight zero zero three three seven one four five seven,Her office number is 800-337-10457 if you need to call.,her office number is eight zero zero three three seven one zero four five seven if you need to call
syn-en-cardinal-022,orpheus-3b,Cardinal,a_passes,"The library holds 7,815,211 volumes in its archive.",seven million eight hundred fifteen thousand two hundred eleven,"The library holds 7,815,211 volumes in its archive.",the library holds seven thousand eight hundred and fifteen thousand two hundred and eleven volumes in its archive
syn-en-date-034,qwen3-tts,Date,a_passes,Construction is due to finish on 9th April 1968.,ninth nineteen sixty eight,Construction is due to finish on 9th April 1968.,construction is due to finish on nine april nineteen sixty eight
syn-en-cardinal-021,chatterbox,Cardinal,a_passes,"The survey collected 264,569,421 responses in total.",two hundred sixty four million five hundred sixty nine thousand four hundred twenty one,"The survey collected 264,569,421 responses in total.",the survey collected two sixty four thousand five hundred and sixty nine thousand four two one responses in total
syn-en-cardinal-034,chatterbox-turbo,Cardinal,a_passes,"The factory produced 8,736,658 units last quarter.",eight million seven hundred thirty six thousand six hundred fifty eight,"The factory produced 8,736,658 units last quarter.",the factory produced eight thousand seven hundred thirty six thousand six hundred fifty eight units last quarter
syn-en-sports-score-031,chatterbox-turbo,Sports score,a_passes,The match ended 114-81 in front of a full crowd.,one hundred fourteen to eighty one,The match ended 114-81 in front of a full crowd.,the match ended one hundred fourteen eighty one in front of a full crowd
syn-en-musical-notation-033,qwen3-tts,Musical Notation,a_passes,Transpose the melody into 2/4 time before the rehearsal.,two four,transpose the melody into 2 4ths time before their rehearsal.,transpose the melody into two fourth time before their rehearsal
syn-en-phone-number-021,kokoro-82m,Phone Number,b_passes,Her office number is (617) 696-2854 if you need to call.,six one seven six nine six two eight five four,Her office number is 617-696-854 if you need to call.,her office number is six hundred seventeen six hundred ninety six two eight five four if you need to call
syn-en-isbn-040,qwen3-tts,ISBN,a_passes,The number printed on the back cover is ISBN 978-9-22-615461-0 exactly.,i s b n nine seven eight nine two two six one five four six one zero,The number printed on the back cover is ISBN 978-922-6154-61-0 exactly.,the number printed on the back cover is isbn nine seven eight nine two two six one five four six one o exactly
syn-en-mathematical-expression-037,chatterbox-turbo,Mathematical Expression,b_passes,The first line of the proof states 217 + 145 = 362.,two hundred seventeen plus one hundred forty five equals three hundred sixty two,The first line of the proof states 217 plus 145 equals 36.2.,the first line of the proof states two hundred seventeen plus one forty five equals thirty six two
syn-en-decimal-040,chatterbox-turbo,Decimal,a_passes,The sensor reported a reading of 522.169776 at noon.,five hundred twenty two point one six nine seven seven six,The sensor reported a reading of 522.169776 at noon.,the sensor reported a reading of five thousand two hundred twenty two point one six nine seven seven six at noon
syn-en-unit-008,chatterbox,Unit,b_passes,The prescription is 6741 minutes taken twice daily.,six thousand seven hundred forty one,The prescription is 6-7-4-1 minutes taken twice daily.,the prescription is six thousand seven hundred forty one minutes taken twice daily
syn-en-abbreviation-032,chatterbox-multilingual,Abbreviation,a_passes,The lecture is given by Ms. Harrington on Tuesdays.,miss,The lecture is given by Ms. Harrington on Tuesdays.,the lecture is given by ims harrington on tuesdays
syn-en-musical-notation-015,chatterbox,Musical Notation,b_passes,Transpose the melody into 12/8 time before the rehearsal.,twelve eight,Transpose the melody into 12A time before the rehearsal.,transpose the melody into twelve eight time before the rehearsal
syn-en-roman-numeral-037,kokoro-82m,Roman Numeral,a_passes,The inscription on the cornerstone reads CCXLV.,two hundred forty five,"The inscription on the cornerstone reads, CCXLV.",the inscription on the cornerstone reads cc xlv
syn-en-sports-score-023,chatterbox,Sports score,a_passes,The game finished 55-74 despite the weather.,fifty five to seventy four,The game finished 55-74 despite the weather.,the game finished fifty five seventy four despite the weather
syn-en-url-or-email-009,kokoro-82m,URL or Email,a_passes,The archive is hosted at https://www.saltmarsh.co for now.,h t t p s colon slash slash w w w dot saltmarsh dot co,The archive is hosted at https://www.saltmarsh.co for now.,the archive is hosted at https slash slash w w w dot saltmarsh dot co for now
syn-en-sports-score-022,chatterbox-turbo,Sports score,a_passes,They won 73-32 in the opening round.,seventy three to thirty two,They won 73-32 in the opening round.,they won seventy three thirty two in the opening round
syn-en-version-numbers-037,chatterbox,Version Numbers,a_passes,The server is still running version 14.9 in production.,fourteen point nine,The server is still running version 14.9 in production.,the server is still running version forty nine in production
syn-en-chemical-formula-024,orpheus-3b,Chemical Formula,a_passes,The formula CaSO4 appears in the second table.,c a s o four,The formula CASO4 appears in the second table.,the formula casothor appears in the second table
syn-en-chemical-formula-023,orpheus-3b,Chemical Formula,b_passes,The reaction produces CuO as a by product.,c u o,The reaction produces ZUO as a byproduct.,the reaction produces cuo as a byproduct
syn-en-initialism-or-acronym-030,parler-tts,Initialism or Acronym,a_passes,The report was prepared by the SEC last winter.,s e c,The report was prepared by the SEC last winter.,the report was prepared by the sick last winter
syn-en-vehicle-or-product-code-028,orpheus-3b,Vehicle or Product Code,a_passes,Look for CBN-75-N19 printed underneath the plastic casing.,c b n seven five n one nine,Look for CBN75N19 printed underneath the plastic casing.,look for cbn seventy five and nineteen printed underneath the plastic casing
syn-en-unit-032,chatterbox-turbo,Unit,b_passes,The recipe calls for 9227 sec of cold water.,nine thousand two hundred twenty seven seconds,The recipe calls for 9-2-27 sec of cold water.,the recipe calls for nine thousand two hundred twenty seven sec of cold water
syn-en-vehicle-or-product-code-007,chatterbox-multilingual,Vehicle or Product Code,a_passes,The identification number on the plate reads KS-28-B66 clearly.,k s two eight b six six,The identification number on the plate reads KS28B66 clearly.,the identification number on the plate reads ks28 base sixty six clearly
syn-en-unit-015,orpheus-3b,Unit,b_passes,The package weighs 11 kg on the postal scale.,eleven kilograms,The package weighs 11 telegrams on the postal scale.,the package weighs eleven kilograms on the postal scale
syn-en-fractions-001,chatterbox,Fractions,a_passes,About 2/6 of the committee voted in favour.,two sixths,About two-sixths of the committee voted in favor.,about two six of the committee voted in favor
syn-en-sports-score-007,chatterbox-multilingual,Sports score,a_passes,They won 108-4 in the opening round.,one hundred eight to four,They won 108-4 in the opening round.,they won one hundred eight four in the opening round
syn-en-url-or-email-019,kokoro-82m,URL or Email,a_passes,The archive is hosted at https://www.archive.org for now.,h t t p s colon slash slash w w w dot archive dot org,The archive is hosted at https://www.archive.org for now.,the archive is hosted at https slash slash w w w dot archive dot org for now
syn-en-ordinal-023,chatterbox,Ordinal,a_passes,He was the 899th person to sign the register.,eight hundred ninety ninth,He was the 899th person to sign the register.,he was the eight nine ninth person to sign the register
syn-en-cardinal-036,chatterbox-turbo,Cardinal,a_passes,"The survey collected 537,628,765 responses in total.",five hundred thirty seven million six hundred twenty eight thousand seven hundred sixty five,"The survey collected 537,628,765 responses in total.",the survey collected five hundred and thirty seven thousand six hundred and twenty eight thousand seven hundred and sixty five responses in total
syn-en-geographic-coordinates-004,qwen3-tts,Geographic Coordinates,a_passes,"The coordinates in the logbook are 88.7120° N, 176.5495° E precisely.",eighty eight point seven one two zero degrees north one hundred seventy six point five four nine five degrees east,The caldeonates in the logbook are 88.7120°N 176.5495°E precisely.,the coordinates in the logbook are eighty eight point seven one two zero degrees north one hundred seventy six point five four nine five degrees e precisely
syn-en-isbn-027,kokoro-82m,ISBN,b_passes,The catalogue lists the title under ISBN 978-5-91-664000-7 instead.,i s b n nine seven eight five nine one six six four zero zero zero seven,The catalog lists the title under ISBN 978-590-166400-07 instead.,the catalog lists the title under isbn nine hundred seventy eight thousand five hundred ninety one six six four zero zero zero seven instead
syn-en-sports-score-004,qwen3-tts,Sports score,a_passes,The visitors lost 58-98 on Saturday afternoon.,fifty eight to ninety eight,The visitors lost 58-98 on Saturday afternoon.,the visitors lost fifty eight point nine eight on saturday afternoon
syn-en-url-or-email-022,orpheus-3b,URL or Email,a_passes,The registration page is http://www.northfield.org for new members.,h t t p colon slash slash w w w dot northfield dot org,The registration page is http://www.northfield.org for new members.,the registration page is http:lac w w w dot northfield dot org for new members
syn-en-currency-036,chatterbox,Currency,a_passes,"They raised $1,845,025.61 for the local hospital fund.",one million eight hundred forty five thousand twenty five dollars and sixty one cents,"They raised $1,845,025.61 for the local hospital fund.",they raised one thousand eight hundred and forty five thousand and twenty five point six one dollars for the local hospital fund
syn-en-cardinal-037,chatterbox,Cardinal,a_passes,"The library holds 9,412,459 volumes in its archive.",nine million four hundred twelve thousand four hundred fifty nine,"The Library holds 9,412,459 volumes in its archive.",the library holds nine thousand four hundred and twelve thousand four hundred and fifty nine volumes in its archive
syn-en-legal-reference-011,chatterbox-turbo,Legal Reference,a_passes,See 31 U.S.C. 1523 of the contract for the exact wording.,thirty one u s c one thousand five hundred twenty three,See 31 U.S.C. 1523 of the contract for the exact wording.,c31 u c1523 of the contract for the exact wording
syn-en-isbn-002,orpheus-3b,ISBN,a_passes,The catalogue lists the title under ISBN-10 4-657-85375-2 instead.,i s b n ten four six five seven eight five three seven five two,The catalog lists the title under ISBN 10-4657-853752 instead.,the catalog lists the title under isbn ten for six five seven eight five three seven five two instead
syn-en-version-numbers-004,chatterbox,Version Numbers,b_passes,The release notes for version 4.6.3 mention the change.,four point six point three,The release notes for version 4.6.3 mention the change.,the release notes for version four point six point three mention the change
syn-en-stock-ticker-006,chatterbox-multilingual,Stock Ticker,a_passes,The fund holds a large position in GOOG right now.,g o o g,The fund holds a large position in GOOG right now.,the fund holds a large position in google right now
syn-en-vehicle-or-product-code-005,qwen3-tts,Vehicle or Product Code,b_passes,The model number stamped on the base is SDM858585 here.,s d m eight five eight five eight five,The model number stamped on the base is SDM858-58585 here.,the model number stamped on the base is sdm eight five eight five eight five eight five here
syn-en-unit-007,kokoro-82m,Unit,b_passes,The recipe calls for 6030 ml of cold water.,six thousand thirty milliliters,The recipe calls for 60-30 ml of cold water.,the recipe calls for sixty thirty ml of cold water
syn-en-license-plate-or-serial-numbers-026,orpheus-3b,License Plate or Serial Numbers,a_passes,The serial number engraved on the frame is SN-MZ33313 here.,s n m z three three three one three,The serial number engraved on the frame is SNMZ33313 here.,the serial number engraved on the frame is snmz3313 here
syn-en-phone-number-007,kokoro-82m,Phone Number,b_passes,Leave a message at 702-714-3125 and someone will call back.,seven zero two seven one four three one two five,Leave a message at 700-27-143125 and someone will call back.,leave a message at seven hundred two seven fourteen three one two five and someone will call back
syn-en-currency-028,chatterbox,Currency,a_passes,The painting sold for $349 at the auction house.,three hundred forty nine dollars,The painting sold for $349 at the auction house.,the painting sold for three hundred forty nine at the auction house
syn-en-chemical-formula-016,chatterbox,Chemical Formula,a_passes,The sample turned out to be SnO2 after analysis.,s n o two,The sample turned out to be SNO2 after analysis.,the sample turned out to be snow too after analysis
syn-en-sports-score-036,chatterbox-multilingual,Sports score,a_passes,The match ended 35-22 in front of a full crowd.,thirty five to twenty two,The match ended 35-22 in front of a full crowd.,the match ended thirty five twenty two in front of a full crowd
syn-en-time-025,orpheus-3b,Time,b_passes,The train to the coast departs at 10:58 every weekday.,ten fifty eight,The train to the coast departs at 10.58 every weekday.,the train to the coast departs at ten fifty eight every weekday
syn-en-geographic-coordinates-017,qwen3-tts,Geographic Coordinates,a_passes,"Set the marker to 3.7103° S, 31.2932° E before you leave the dock.",three point seven one zero three degrees south thirty one point two nine three two degrees east,Set the marker to 3.7103°S 31.2932°E before you leave the dock.,set the marker to three point seven one zero three degree seconds thirty one point two nine three two degrees e before you leave the dock
syn-en-currency-039,orpheus-3b,Currency,a_passes,"She paid $2,580,068.66 for the second hand bicycle.",two million five hundred eighty thousand sixty eight dollars and sixty six cents,"She paid $2,580,068.66 for the second-hand bicycle.",she paid two thousand five hundred and eighty thousand sixty eight dollars and sixty six cents for the secondhand bicycle
syn-en-geographic-coordinates-006,qwen3-tts,Geographic Coordinates,a_passes,"The wreck was located at 1.1647° S, 5.0719° E by the search team.",one point one six four seven degrees south five point zero seven one nine degrees east,The rack was located at 1.1647°S 5.0719°E by the search team.,the rack was located at one point one six four seven degrees celsius five point zero seven one nine degrees e by the search team
syn-en-date-034,kokoro-82m,Date,b_passes,Construction is due to finish on 9th April 1968.,ninth nineteen sixty eight,Construction is due to finish on 9 April 1968.,construction is due to finish on ninth april nineteen sixty eight
syn-en-ordinal-017,orpheus-3b,Ordinal,a_passes,The office is on the 688th floor of the tower.,six hundred eighty eighth,The office is on the 688th floor of the tower.,the office is on the six eighty eighth floor of the tower
syn-en-mathematical-expression-003,qwen3-tts,Mathematical Expression,a_passes,Check that 148 - 10 = 138 before moving to the next step.,one hundred forty eight minus ten equals one hundred thirty eight,Check that 148 minus 10 equals 138 before moving to the next step.,check that one hundred and forty eight minuteus ten equals one hundred and thirty eight before moving to the next step
syn-en-version-numbers-026,chatterbox,Version Numbers,a_passes,This bug was fixed in version 6.3 of the shared library.,six point three,This bug was fixed in version 6.3 of the shared library.,this bug was fixed in version six three of the shared library
syn-en-url-or-email-028,kokoro-82m,URL or Email,a_passes,Write to https://www.saltmarsh.co if the problem happens again.,h t t p s colon slash slash w w w dot saltmarsh dot co,Write to HTTPS://www.saltmarsh.co if the problem happens again.,write to https slash slash w w w dot saltmarsh dot co if the problem happens again
syn-en-ordinal-035,orpheus-3b,Ordinal,a_passes,She finished 836th in the regional championship.,eight hundred thirty sixth,She finished 836th in the regional championship.,she finished eight thirty sixth in the regional championship
syn-en-license-plate-or-serial-numbers-040,chatterbox-turbo,License Plate or Serial Numbers,a_passes,The license plate on the van reads SN-BX45593 clearly.,s n b x four five five nine three,The license plate on the van reads SNBX 45593 clearly.,the license plate on the van reads snbx4553 clearly
syn-en-phone-number-032,kokoro-82m,Phone Number,b_passes,Leave a message at 1-713-292-1521 and someone will call back.,one seven one three two nine two one five two one,Leave a message at 1-713-290-21521 and someone will call back.,leave a message at one seven thirteen two ninety two one five two one and someone will call back
syn-en-cardinal-039,orpheus-3b,Cardinal,a_passes,"The factory produced 7,959,930 units last quarter.",seven million nine hundred fifty nine thousand nine hundred thirty,"The factory produced 7,959,930 units last quarter.",the factory produced seven thousand nine hundred and fifty nine thousand nine hundred and thirty units last quarter
syn-en-sports-score-025,chatterbox-turbo,Sports score,a_passes,The final score was 13-84 after extra time.,thirteen to eighty four,The final score was 13-84 after extra time.,the final score was thirteen eighty four after extra time
syn-en-time-009,chatterbox,Time,b_passes,Her flight is expected to land at 4:52.,four fifty two,Her flight is expected to land at 4.52.,her flight is expected to land at four fifty two
syn-en-geographic-coordinates-009,orpheus-3b,Geographic Coordinates,a_passes,"The coordinates in the logbook are 53.4964° N, 8.6476° W precisely.",fifty three point four nine six four degrees north eight point six four seven six degrees west,"The coordinates in the logbook are 53.4964°N, 8.6476°W, precisely.",the coordinates in the logbook are fifty three point four nine six four degrees nef eight point six four seven six degrees west precisely
syn-en-legal-reference-017,chatterbox-turbo,Legal Reference,a_passes,The judge cited 44 U.S.C. 4221 in the written opinion.,forty four u s c four thousand two hundred twenty one,The judge cited 44 U.S.C. 4221 in the written opinion.,the judge cited forty four u c four thousand two hundred twenty one in the written opinion
syn-en-cardinal-012,orpheus-3b,Cardinal,a_passes,"The library holds 753,137,476 volumes in its archive.",seven hundred fifty three million one hundred thirty seven thousand four hundred seventy six,"The library holds 753,137,476 volumes in its archive.",the library holds seven hundred and fifty three thousand one hundred and thirty seven thousand four hundred and seventy six volumes in its archive
syn-en-unit-004,chatterbox,Unit,b_passes,The ceiling clears 4637 ft above the floor.,four thousand six hundred thirty seven feet,"The ceiling clears 4, 6, 3, 7 feet above the floor.",the ceiling clears four thousand six hundred thirty seven feet above the floor
syn-en-phone-number-038,chatterbox-turbo,Phone Number,a_passes,The support line is 800-658-2751 for urgent problems.,eight zero zero six five eight two seven five one,The support line is 800-658-2751 for urgent problems.,the support line is eight hundred six five eight two seven five one for urgent problems
syn-en-geographic-coordinates-037,qwen3-tts,Geographic Coordinates,a_passes,"Set the marker to 30.0926° N, 97.8892° W before you leave the dock.",thirty point zero nine two six degrees north ninety seven point eight eight nine two degrees west,Set the marker to 30.0926°N 97.8892°W before you leave the dog.,set the marker to thirty point zero nine two six degrees north ninety seven point eight eight nine two degrees wet before you leave the dog
syn-en-geographic-coordinates-022,orpheus-3b,Geographic Coordinates,a_passes,"Set the marker to 62.4000° S, 4.6910° E before you leave the dock.",sixty two point four zero zero zero degrees south four point six nine one zero degrees east,Set the marker to 62.4000°S 4.6910°E before you leave the dock.,set the marker to sixty two point four zero zero zero degrees s (4.6910 degrees e) before you leave the dock
syn-en-isbn-013,kokoro-82m,ISBN,b_passes,Quote ISBN 978-7-27-781849-0 when you contact the publisher directly.,i s b n nine seven eight seven two seven seven eight one eight four nine zero,Quote ISBN 970-8727-7-818490 when you contact the publisher directly.,quote isbn nine hundred seventy eight seven twenty seven seven eight one eight four nine zero when you contact the publisher directly
syn-en-unit-019,chatterbox-multilingual,Unit,b_passes,The ceiling clears 3856 yards above the floor.,three thousand eight hundred fifty six,The ceiling clears 385 six yards above the floor.,the ceiling clears three eighty five six yards above the floor
syn-en-license-plate-or-serial-numbers-032,kokoro-82m,License Plate or Serial Numbers,b_passes,Warranty claims require the code SN-XW71262 from the label.,s n x w seven one two six two,Warranty claims require the code SN-XW71262 from the label.,warranty claims require the code snxw seven one two six two from the label
syn-en-time-013,qwen3-tts,Time,b_passes,The broadcast begins at 12:11 on channel four.,twelve eleven,The broadcast begins at 12.11 on Channel 4.,the broadcast begins at twelve eleven on channel four
syn-en-unit-005,orpheus-3b,Unit,b_passes,The package weighs 9642 ft on the postal scale.,nine thousand six hundred forty two feet,The package weighs 9.642 feet on the postal scale.,the package weighs nine thousand six hundred forty two feet on the postal scale
syn-en-sports-score-016,kokoro-82m,Sports score,a_passes,The match ended 62-72 in front of a full crowd.,sixty two to seventy two,The match ended 62-72 in front of a full crowd.,the match ended sixty two seventy two in front of a full crowd
syn-en-sports-score-034,chatterbox-turbo,Sports score,a_passes,The visitors lost 96-34 on Saturday afternoon.,ninety six to thirty four,The visitors lost 96-34 on Saturday afternoon.,the visitors lost ninety six point three four on saturday afternoon
syn-en-license-plate-or-serial-numbers-037,qwen3-tts,License Plate or Serial Numbers,a_passes,Warranty claims require the code XVE-1276 from the label.,x v e one two seven six,Warranty claims require the code XVE-1276 from the label.,warranty claims require the code xvae twelve seventy six from the label
syn-en-currency-025,chatterbox,Currency,a_passes,The final invoice came to $467.02 including tax.,four hundred sixty seven dollars and two cents,"The final invoice came to $467.02, including tax.",the final invoice came to four sixty seven dollars too including tax
syn-en-date-026,chatterbox,Date,b_passes,Her birthday falls on 20th December 2014 this year.,twentieth twenty fourteen,Her birthday falls on 20th December 2014 this year.,her birthday falls on twentieth december twenty fourteen this year
syn-en-sports-score-027,chatterbox-multilingual,Sports score,a_passes,They won 107-105 in the opening round.,one hundred seven to one hundred five,They won 107-105 in the opening round.,they won hundred seven nunven hundred five in the opening round
syn-en-ordinal-022,chatterbox,Ordinal,a_passes,The office is on the 324th floor of the tower.,three hundred twenty fourth,The office is on the 324th floor of the tower.,the office is on the three two fourth floor of the tower
syn-en-ordinal-034,kokoro-82m,Ordinal,b_passes,They celebrated their 57th anniversary quietly.,fifty seventh,They celebrated their fifty-seventh anniversary quietly.,they celebrated their fifty seventh anniversary quietly
syn-en-chemical-formula-008,chatterbox-multilingual,Chemical Formula,b_passes,The reaction produces NH4Cl as a by product.,n h four c l,the reaction produces NH4 seal as a by-product.,the reaction produces nh4cl as a byproduct
syn-en-url-or-email-002,chatterbox-turbo,URL or Email,a_passes,The registration page is anita.kowalski@archive.net for new members.,anita dot kowalski at archive dot net,The registration page is anita.kowalski at archive.net for new members.,the registration page is anita dot kowalskiarchive dot net for new members
syn-en-sports-score-004,kokoro-82m,Sports score,a_passes,The visitors lost 58-98 on Saturday afternoon.,fifty eight to ninety eight,The visitors lost 58-98 on Saturday afternoon.,the visitors lost fifty eight ninety eight on saturday afternoon
syn-en-sports-score-014,chatterbox-multilingual,Sports score,a_passes,The visitors lost 38-21 on Saturday afternoon.,thirty eight to twenty one,The visitors lost 38-21 on Saturday afternoon.,the visitors lost thirty eight twenty one on saturday afternoon afternoon
syn-en-vehicle-or-product-code-007,kokoro-82m,Vehicle or Product Code,a_passes,The identification number on the plate reads KS-28-B66 clearly.,k s two eight b six six,The identification number on the plate reads K's 28B66 clearly.,the identification number on the plate reads case twenty eight b sixty six clearly
syn-en-sports-score-008,kokoro-82m,Sports score,a_passes,The game finished 40-30 despite the weather.,forty to thirty,"The game finished 40-30, despite the weather.",the game finished forty thirty despite the weather
syn-en-time-031,orpheus-3b,Time,b_passes,We should meet in the lobby at 10:15 tomorrow.,ten fifteen,We should meet in the lobby at 10.15 tomorrow.,we should meet in the lobby at ten fifteen tomorrow
syn-en-license-plate-or-serial-numbers-016,kokoro-82m,License Plate or Serial Numbers,b_passes,The serial number engraved on the frame is SN-ZS66534 here.,s n z s six six five three four,The serial number engraved on the frame is SN-ZS66534 here.,the serial number engraved on the frame is s n z s six six five three four here
syn-en-url-or-email-015,chatterbox-turbo,URL or Email,a_passes,You can find the documentation at http://www.granite.org online.,h t t p colon slash slash w w w dot granite dot org,You can find the documentation at http://www.granite.org online.,you can find the documentation at http:w w w dot granite dot org online
syn-en-address-030,orpheus-3b,Address,b_passes,The office has moved to 1355 Cedar Pkwy since the merger.,one three five five parkway,The office has moved to 1355 Cedar PKWI since the merger.,the office has moved to thirteen fifty five cedar pkwy since the merger
syn-en-roman-numeral-039,kokoro-82m,Roman Numeral,a_passes,Part CLI of the series was published last spring.,one hundred fifty one,Part CLI of the series was published last spring.,part c li of the series was published last spring
syn-en-geographic-coordinates-013,chatterbox-turbo,Geographic Coordinates,a_passes,"The reading from the handset was 81.6861° S, 38.7449° E at dawn.",eighty one point six eight six one degrees south thirty eight point seven four four nine degrees east,The reading from the handset was 81.6861° S 38.7449° E at dawn.,the reading from the handset was eighty one point six eight six one degrees s thirty eight point seven four four nine degrees e at dawn
syn-en-url-or-email-037,chatterbox,URL or Email,a_passes,The registration page is https://www.saltmarsh.net for new members.,h t t p s colon slash slash w w w dot saltmarsh dot net,The registration page is https://www.saltmarsh.net for new members.,registration page is https:ashw w w dot saltmarsh dot net for new members
syn-en-isbn-015,kokoro-82m,ISBN,b_passes,The number printed on the back cover is ISBN 978-3-92-453864-1 exactly.,i s b n nine seven eight three nine two four five three eight six four one,The number printed on the back cover is ISBN 978-390-24-538641 exactly.,the number printed on the back cover is isbn nine hundred seventy eight thousand three hundred ninety two four five three eight six four one exactly
syn-en-url-or-email-011,kokoro-82m,URL or Email,a_passes,Send the completed form to harborlight.net/guide before Friday.,harborlight dot net slash guide,Send the completed form to Harborlight.net slash guide before Friday.,send the completed form to harbor light net slash guide before friday
syn-en-initialism-or-acronym-019,chatterbox,Initialism or Acronym,b_passes,The CIA published new guidance on the subject.,c i a,The CAA published new guidance on the subject.,the cia published new guidance on the subject
syn-en-cardinal-021,orpheus-3b,Cardinal,a_passes,"The survey collected 264,569,421 responses in total.",two hundred sixty four million five hundred sixty nine thousand four hundred twenty one,"The survey collected 264,569,421 responses in total.",the survey collected two hundred and sixty four thousand five hundred and sixty nine thousand four hundred and twenty one responses in total
syn-en-date-028,qwen3-tts,Date,a_passes,The museum reopened on 4th April 2005 after the renovation.,fourth two thousand five,The museum reopened on 4th April 2005 after the renovation.,the museum reopened on four april two thousand and five after the renovation
syn-en-date-003,kokoro-82m,Date,b_passes,The museum reopened on 4th June 2014 after the renovation.,fourth twenty fourteen,The museum reopened on 4th June 2014 after the renovation.,the museum reopened on fourth june twenty fourteen after the renovation
syn-en-time-005,qwen3-tts,Time,b_passes,The train to the coast departs at 4:57 every weekday.,four fifty seven,The train to the coast departs at 4.57 every weekday.,the train to the coast departs at four fifty seven every weekday
syn-en-geographic-coordinates-030,orpheus-3b,Geographic Coordinates,a_passes,The station sits at 1.9603° N on the survey map.,one point nine six zero three degrees north,The station sits at 1.9603°N on the survey map.,the station sits at one point nine six zero three degrees nen on the survey map
syn-en-currency-031,chatterbox-turbo,Currency,a_passes,"They raised $2,768 for the local hospital fund.",two thousand seven hundred sixty eight dollars,"They raised $2,768 for the local hospital fund.",they raised two thousand seven hundred and sixty eight for the local hospital fund
syn-en-geographic-coordinates-032,orpheus-3b,Geographic Coordinates,a_passes,Set the marker to 20.4031° S before you leave the dock.,twenty point four zero three one degrees south,Set the marker to 20.4031°S before you leave the dock.,set the marker to twenty point four zero three one degrees s before you leave the dock
syn-en-legal-reference-026,chatterbox-turbo,Legal Reference,a_passes,See Article IX of the contract for the exact wording.,nine,See Article 9 of the contract for the exact wording.,see article ninth of the contract for the exact wording
syn-en-date-037,qwen3-tts,Date,a_passes,They signed the agreement on 9th December 1958 in Boston.,ninth nineteen fifty eight,They signed the agreement on 9th December 1958 in Boston.,they signed the agreement on nine december nineteen fifty eight in boston
syn-en-time-017,qwen3-tts,Time,b_passes,Breakfast is served at 8:45 in the dining room.,eight forty five,Breakfast is served at 8.45 in the dining room.,breakfast is served at eight forty five in the dining room
syn-en-sports-score-036,kokoro-82m,Sports score,a_passes,The match ended 35-22 in front of a full crowd.,thirty five to twenty two,"The match ended 35-22, in front of a full crowd.",the match ended thirty five twenty two in front of a full crowd
syn-en-isbn-009,chatterbox-turbo,ISBN,a_passes,The second reprint carries ISBN 978-7-47-101243-0 on the copyright page.,i s b n nine seven eight seven four seven one zero one two four three zero,The second reprint carries ISBN 978-747-101243-0 on the copyright page.,the second reprint carries isbn nine seventy eight-seven forty seven-ten million one and twelve thousand four hundred thirty on the copyright page
syn-en-roman-numeral-014,chatterbox,Roman Numeral,a_passes,Part CL of the series was published last spring.,one hundred fifty,Part CL of the series was published last spring.,part c l of the series was published last spring
syn-en-version-numbers-031,qwen3-tts,Version Numbers,b_passes,This bug was fixed in version 9.27.6 of the shared library.,nine point twenty seven point six,This bug was fixed in version 9.27.6 of the shared library.,this bot was fixed in version nine point two seven point six of the shared library
syn-en-fractions-036,chatterbox,Fractions,a_passes,Only 2/6 of the seats were sold in advance.,two sixths,Only two-sixths of the seats were sold in advance.,only two six of the seats were sold in advance
syn-en-date-003,chatterbox-turbo,Date,b_passes,The museum reopened on 4th June 2014 after the renovation.,fourth twenty fourteen,The museum reopened on 4th June 2014 after the renovation.,the museum reopened on fourth june twenty fourteen after the renovation
syn-en-cardinal-009,qwen3-tts,Cardinal,a_passes,"The factory produced 437,855,693 units last quarter.",four hundred thirty seven million eight hundred fifty five thousand six hundred ninety three,"The factory produced 437,855,693 units last quarter.",the factory produced four hundred and thirty seven thousand eight hundred and fifty five thousand six hundred and ninety three units last quarter
syn-en-license-plate-or-serial-numbers-037,kokoro-82m,License Plate or Serial Numbers,a_passes,Warranty claims require the code XVE-1276 from the label.,x v e one two seven six,Warranty claims require the code XVE-1276 from the label.,warranty claims require the code xv one two seven six from the label
syn-en-cardinal-024,qwen3-tts,Cardinal,b_passes,"The factory produced 10,437,089 units last quarter.",ten million four hundred thirty seven thousand eighty nine,"The factory produced 10,437,008 units last quarter.",the factory produced ten million four hundred thirty seven thousand and eighty nine units last quarter
syn-en-isbn-021,kokoro-82m,ISBN,b_passes,Order the textbook using ISBN 978-7-42-171752-6 from the supplier.,i s b n nine seven eight seven four two one seven one seven five two six,Order the textbook using ISBN 978740-21717526 from the supplier.,order the textbook using isbn nine hundred seventy eight thousand seven hundred forty two one seven one seven five two six from the supplier
syn-en-url-or-email-012,orpheus-3b,URL or Email,a_passes,The registration page is https://www.quietriver.org for new members.,h t t p s colon slash slash w w w dot quietriver dot org,The registration page is https://www.quietriver.org for new members.,the registration page is h t t p s colon slash slash w w w dot quiet river dot org for new members
syn-en-phone-number-030,qwen3-tts,Phone Number,b_passes,You can reach the front desk at 415-677-0228 during the day.,four one five six seven seven zero two two eight,You can reach the front desk at 415-677-0228 during the day.,you can reach the front desk at four one five six seven seven zero two two eight during the day
syn-en-geographic-coordinates-016,qwen3-tts,Geographic Coordinates,a_passes,"The wreck was located at 36.6077° S, 139.7484° E by the search team.",thirty six point six zero seven seven degrees south one hundred thirty nine point seven four eight four degrees east,The wreck was located at 36.6077°S 139.7484°E by the search team.,the wreck was located at thirty six point six zero seven seven degrees celsius one hundred thirty nine point seven four eight four degrees is by the search team
syn-en-legal-reference-022,kokoro-82m,Legal Reference,a_passes,The judge cited 22 U.S.C. 3014 in the written opinion.,twenty two u s c three thousand fourteen,The judge cited 22 U.S.C. 3014 in the written opinion.,the judge cited twenty two usc thirty fourteen in the written opinion
syn-en-isbn-035,qwen3-tts,ISBN,b_passes,The number printed on the back cover is ISBN 978-2-63-708365-5 exactly.,i s b n nine seven eight two six three seven zero eight three six five five,The number printed on the back cover is ISBN 978-2-63-708-365-5 exactly.,the number printed on the back cover is isbn nine seven eight two six three seven zero eight three six five five exactly
syn-en-ordinal-038,chatterbox,Ordinal,a_passes,He was the 621st person to sign the register.,six hundred twenty first,He was the 621st person to sign the register.,he was the six twenty first person to sign the register
syn-en-time-013,chatterbox-turbo,Time,b_passes,The broadcast begins at 12:11 on channel four.,twelve eleven,The broadcast begins at 12.11 on Channel 4.,the broadcast begins at twelve eleven on channel four
syn-en-abbreviation-028,orpheus-3b,Abbreviation,b_passes,Please direct your question to Gov. Okafor after class.,governor,Please direct your question to Gover-Okafora for class.,please direct your question to gov okafora after class
syn-en-currency-036,orpheus-3b,Currency,a_passes,"They raised $1,845,025.61 for the local hospital fund.",one million eight hundred forty five thousand twenty five dollars and sixty one cents,"They raised $1,845,025.61 for the local hospital fund.",they raised one thousand eight hundred and forty five thousand and twenty five point six one dollars for the local hospital fund
syn-en-time-026,qwen3-tts,Time,b_passes,We should meet in the lobby at 3:17 tomorrow.,three seventeen,We should meet in the lobby at 3.17 tomorrow.,we should meet in the lobby at three seventeen tomorrow
syn-en-unit-036,chatterbox,Unit,b_passes,The trail runs 19 mg through the forest.,nineteen milligrams,The trail runs 19mg through the forest.,the trail runs nineteen mg through the forest
syn-en-version-numbers-039,kokoro-82m,Version Numbers,a_passes,The release notes for version 23.20.8 mention the change.,twenty three point twenty point eight,The release notes for version 23.28 mention the change.,the release notes for version twenty three twenty eight mention the change
syn-en-time-001,kokoro-82m,Time,b_passes,We should meet in the lobby at 7:04 tomorrow.,seven oh four,"We should meet in the lobby at 7, 04 tomorrow.",we should meet in the lobby at seven zero four tomorrow
syn-en-url-or-email-029,kokoro-82m,URL or Email,a_passes,The archive is hosted at http://www.bluestem.net for now.,h t t p colon slash slash w w w dot bluestem dot net,The archive is hosted at http://www.bluestem.net for now.,the archive is hosted at http slash slash w w w dot bluestem dot net for now
syn-en-geographic-coordinates-010,qwen3-tts,Geographic Coordinates,a_passes,"The station sits at 60.0153° S, 68.2869° W on the survey map.",sixty point zero one five three degrees south sixty eight point two eight six nine degrees west,The station sits at 60.0153°S 68.2869°W on the survey map.,the station sits at sixty point zero one five three degrees sets sixty eight point two eight six nine degrees west on the survey map
syn-en-chemical-formula-005,qwen3-tts,Chemical Formula,b_passes,The compound is written as CaO in the textbook.,c a o,The compound is written as C-A-O in the textbook.,the compound is written as cao in a textbook
syn-en-geographic-coordinates-040,qwen3-tts,Geographic Coordinates,a_passes,"The station sits at 14.7611° N, 39.6445° W on the survey map.",fourteen point seven six one one degrees north thirty nine point six four four five degrees west,The station sits at 14.7611°N 39.6445°W on the survey map.,the station sits at fourteen point seven six one one degrees north thirty nine point six four four five degrees wet on the survey map
syn-en-isbn-016,chatterbox,ISBN,a_passes,Order the textbook using ISBN-10 8-790-70428-9 from the supplier.,i s b n ten eight seven nine zero seven zero four two eight nine,Order the textbook using ISBN 10-8790-704289 from the supplier.,order the textbook using isbn ten eight seven ninety seven zero four two eight nine from the supplier
syn-en-sports-score-013,kokoro-82m,Sports score,a_passes,The game finished 42-94 despite the weather.,forty two to ninety four,"The game finished, 42-94 despite the weather.",the game finished forty two ninety four despite the weather
syn-en-roman-numeral-036,chatterbox-turbo,Roman Numeral,b_passes,Super Bowl CCLXXIX drew a record television audience.,two hundred seventy nine,Super Bowl CCL XXX drew a record television audience.,super bowl cclxxix drew a record television audience
syn-en-chemical-formula-003,kokoro-82m,Chemical Formula,a_passes,The reaction produces CrO3 as a by product.,c r o three,The reaction produces CrO3 as a byproduct.,the reaction produces cr o3 as a byproduct
syn-en-url-or-email-005,chatterbox-turbo,URL or Email,a_passes,You can find the documentation at granite.dev/docs online.,granite dot dev slash docs,You can find the documentation at granite.dev slash docs online.,you can find the documentation at granite devdocs online
syn-en-fractions-015,chatterbox,Fractions,a_passes,Add 1/4 of a cup of flour to the mixture.,one quarter,Add one fourth of a cup of flour to the mixture.,add one four of a cup of flour to the mixture
syn-en-time-010,chatterbox-turbo,Time,b_passes,The train to the coast departs at 3:52 every weekday.,three fifty two,The train to the coast departs at 3.52 every weekday.,the train to the coast departs at three fifty two every weekday
syn-en-geographic-coordinates-001,qwen3-tts,Geographic Coordinates,a_passes,"The wreck was located at 78.0278° N, 1.5091° W by the search team.",seventy eight point zero two seven eight degrees north one point five zero nine one degrees west,The wreck was located at 78.0278°N 1.5091°W by the search team.,the wreck was located at seventy eight point zero two seven eight degrees north one point five zero nine one degrees wet by the search team
syn-en-decimal-012,chatterbox-turbo,Decimal,a_passes,The gauge settled at 754.54872 after an hour.,seven hundred fifty four point five four eight seven two,The gauge settled at 754.54872 after an hour.,the gauge settled at seven hundred fifty four fifty four thousand eight hundred seventy two after an hour
syn-en-date-028,kokoro-82m,Date,b_passes,The museum reopened on 4th April 2005 after the renovation.,fourth two thousand five,"The museum reopened on 4 April 2005, after the renovation.",the museum reopened on fourth april two thousand five after the renovation
syn-en-ordinal-037,chatterbox-turbo,Ordinal,a_passes,The office is on the 261st floor of the tower.,two hundred sixty first,The office is on the 261st floor of the tower.,the office is on the two sixty first floor of the tower
syn-en-unit-012,chatterbox,Unit,b_passes,The recipe calls for 4655 inches of cold water.,four thousand six hundred fifty five,The recipe calls for 4-6-55 inches of cold water.,the recipe calls for four six fifty five inches of cold water
syn-en-geographic-coordinates-021,orpheus-3b,Geographic Coordinates,a_passes,"The wreck was located at 19.6189° N, 14.6319° E by the search team.",nineteen point six one eight nine degrees north fourteen point six three one nine degrees east,The wreck was located at 19.6189°N 14.6319°E by the search team.,the wreck was located at nineteen point six one eight nine degrees nan fourteen point six three one nine degrees e by the search team
syn-en-date-037,kokoro-82m,Date,b_passes,They signed the agreement on 9th December 1958 in Boston.,ninth nineteen fifty eight,They signed the agreement on 9 December 1958 in Boston.,they signed the agreement on ninth december nineteen fifty eight in boston
syn-en-unit-023,chatterbox,Unit,b_passes,The prescription is 261 liters taken twice daily.,two hundred sixty one,The prescription is 2-6-1 liters taken twice daily.,the prescription is two sixty one liters taken twice daily
syn-en-chemical-formula-003,chatterbox-turbo,Chemical Formula,a_passes,The reaction produces CrO3 as a by product.,c r o three,The reaction produces CrO3 as a byproduct.,the reaction produces coro3 as a byproduct
syn-en-abbreviation-039,chatterbox,Abbreviation,b_passes,The lecture is given by Sgt. Harrington on Tuesdays.,sergeant,The lecture is given by Ashitin Harrington on Tuesdays.,the lecture is given by sgt harrington on tuesdays
syn-en-time-039,orpheus-3b,Time,b_passes,Her flight is expected to land at 1:25.,one twenty five,Her flight is expected to land at 1.25.,her flight is expected to land at one twenty five
syn-en-phone-number-010,qwen3-tts,Phone Number,b_passes,You can reach the front desk at (212) 719-8201 during the day.,two one two seven one nine eight two zero one,You can reach the front desk at 212-7198-2011 during the day.,you can reach the front desk at two one two seven one nine eight two zero one one during the day
syn-en-url-or-email-004,chatterbox-turbo,URL or Email,a_passes,The archive is hosted at northfield.dev/downloads for now.,northfield dot dev slash downloads,The archive is hosted at Northfield.dev slash downloads for now.,the archive is hosted at northfield devdownloads for now
syn-en-sports-score-032,kokoro-82m,Sports score,a_passes,They won 113-99 in the opening round.,one hundred thirteen to ninety nine,They won 113-99 in the opening round.,they won one hundred thirteen ninety nine in the opening round
syn-en-date-028,chatterbox-turbo,Date,b_passes,The museum reopened on 4th April 2005 after the renovation.,fourth two thousand five,The museum reopened on 4 April 2005 after the renovation.,the museum reopened on fourth april two thousand and five after the renovation
syn-en-geographic-coordinates-018,orpheus-3b,Geographic Coordinates,a_passes,"The reading from the handset was 51.2513° N, 166.1154° W at dawn.",fifty one point two five one three degrees north one hundred sixty six point one one five four degrees west,The reading from the handset was 51.2513°N 166.1154°W at dawn.,the reading from the handset was fifty one point two five one three degrees nen one sixty six point one one five four degrees west at dawn
syn-en-address-003,chatterbox,Address,a_passes,She grew up in a small house at 6423 Kingsley Pl near the river.,six four two three place,She grew up in a small house at 6423 Kingsley P.L. near the river.,she grew up in a small house at six four two three kingsley peel near the river
syn-en-geographic-coordinates-036,chatterbox-turbo,Geographic Coordinates,a_passes,"The wreck was located at 46.2026° N, 56.9723° E by the search team.",forty six point two zero two six degrees north fifty six point nine seven two three degrees east,"The wreck was located at 46.2026°N, 56.9723°E by the search team.",the wreck was located at forty six point two zero two six degrees n fifty six point nine seven two three degrees e by the search team
syn-en-vehicle-or-product-code-018,qwen3-tts,Vehicle or Product Code,a_passes,Look for CCS-95-A42 printed underneath the plastic casing.,c c s nine five a four two,Look for CCS95A42 printed underneath the plastic casing.,look for ccs35a42 printed underneath the plastic casing
syn-en-phone-number-034,kokoro-82m,Phone Number,b_passes,Call 1-415-785-1458 to confirm the appointment.,one four one five seven eight five one four five eight,Call 1-415-780-51458 to confirm the appointment.,call one four fifteen seven eighty five one four five eight to confirm the appointment
syn-en-currency-008,orpheus-3b,Currency,a_passes,"The painting sold for $7,798,581.38 at the auction house.",seven million seven hundred ninety eight thousand five hundred eighty one dollars and thirty eight cents,"The painting sold for $7,798,581.38 at the auction house.",the painting sold for seven thousand seven hundred and ninety eight thousand five hundred and eighty one point three eight dollars at the auction house
syn-en-chemical-formula-023,qwen3-tts,Chemical Formula,b_passes,The reaction produces CuO as a by product.,c u o,The reaction produces C-U-O as a byproduct.,the reaction produces cuo as a byproduct
syn-en-currency-014,chatterbox,Currency,a_passes,"She paid $4,063 for the second hand bicycle.",four thousand sixty three dollars,"She paid $4,063 for the second-hand bicycle.",she paid four thousand sixty three for the secondhand bicycle
syn-en-time-017,chatterbox-turbo,Time,b_passes,Breakfast is served at 8:45 in the dining room.,eight forty five,Breakfast is served at 8.45 in the dining room.,breakfast is served at eight forty five in the dining room
syn-en-stock-ticker-036,orpheus-3b,Stock Ticker,b_passes,The fund holds a large position in INTC right now.,i n t c,The fund holds a large position in IMTC right now.,the fund holds a large position in intc right now
syn-en-date-026,orpheus-3b,Date,b_passes,Her birthday falls on 20th December 2014 this year.,twentieth twenty fourteen,Her birthday falls on 20th December 2014 this year.,her birthday falls on twentieth december twenty fourteen this year
syn-en-ordinal-022,orpheus-3b,Ordinal,a_passes,The office is on the 324th floor of the tower.,three hundred twenty fourth,The office is on the 324th floor of the tower.,the office is on the three twenty fourth floor of the tower
syn-en-phone-number-030,kokoro-82m,Phone Number,b_passes,You can reach the front desk at 415-677-0228 during the day.,four one five six seven seven zero two two eight,You can reach the front desk at 400-156-770-228 during the day.,you can reach the front desk at four hundred fifteen six seventy seven zero two two eight during the day
syn-en-sports-score-038,kokoro-82m,Sports score,a_passes,The game finished 69-37 despite the weather.,sixty nine to thirty seven,The game finished 69-37 despite the weather.,the game finished sixty nine thirty seven despite the weather
syn-en-isbn-035,kokoro-82m,ISBN,b_passes,The number printed on the back cover is ISBN 978-2-63-708365-5 exactly.,i s b n nine seven eight two six three seven zero eight three six five five,The number printed on the back cover is ISBN 978-260-37-083655 exactly.,the number printed on the back cover is isbn nine hundred seventy eight two sixty three seven zero eight three six five five exactly
syn-en-roman-numeral-022,kokoro-82m,Roman Numeral,a_passes,The inscription on the cornerstone reads LXXXIX.,eighty nine,The inscription on the cornerstone reads LXXXIX.,the inscription on the cornerstone reads lxxx siax
syn-en-time-038,chatterbox-multilingual,Time,b_passes,The broadcast begins at 3:30 on channel four.,three thirty,The broadcast begins at 3.30 on Channel 4.,the broadcast begins at three thirty on channel four
syn-en-stock-ticker-016,chatterbox-turbo,Stock Ticker,a_passes,He bought TGT in the first week of the quarter.,t g t,He bought TGT in the first week of the quarter.,ibatigiti in the first week of the quarter
syn-en-date-031,chatterbox-multilingual,Date,b_passes,Her birthday falls on 13th February 2022 this year.,thirteenth twenty twenty two,Her birthday falls on 13 February 2022 this year.,her birthday falls on thirteenth february twenty twenty two this year
syn-en-geographic-coordinates-007,orpheus-3b,Geographic Coordinates,a_passes,"Set the marker to 0.2518° N, 71.3859° E before you leave the dock.",zero point two five one eight degrees north seventy one point three eight five nine degrees east,Set the marker to 0.2518°N 71.3859°E before you leave the dock.,set the marker to zero point two five one eight degrees meth seventy one point three eight five nine degrees e before you leave the dock
syn-en-fractions-016,qwen3-tts,Fractions,a_passes,About 1/5 of the committee voted in favour.,one fifth,about one-fifth of the committee voted in favor.,about what fifth of the committee voted in favor
syn-en-address-014,kokoro-82m,Address,b_passes,The new clinic opened at 4621 Pine Sq last autumn.,four six two one square,The new clinic opened at 4621 Pine Eskew last autumn.,the new clinic opened at forty six twenty one pine sq last autumn
syn-en-unit-028,kokoro-82m,Unit,b_passes,The prescription is 8610 degrees taken twice daily.,eight thousand six hundred ten,"The prescription is 80, 610 degrees, taken twice daily.",the prescription is eighty six ten degrees taken twice daily
syn-en-cardinal-024,chatterbox-turbo,Cardinal,a_passes,"The factory produced 10,437,089 units last quarter.",ten million four hundred thirty seven thousand eighty nine,"The factory produced 10,437,089 units last quarter.",the factory produced ten thousand four hundred and thirty seven thousand and eighty nine units last quarter
syn-en-time-025,chatterbox-multilingual,Time,b_passes,The train to the coast departs at 10:58 every weekday.,ten fifty eight,the train to the coast departs at 10.58 every weekday.,train to the coast departs at ten fifty eight every weekday
syn-en-cardinal-008,chatterbox,Cardinal,a_passes,"Roughly 2,481 visitors came through the gates.",two thousand four hundred eighty one,"Roughly 2,481 visitors came through the gates.",roughly two thousand four hundred and eight one visitors came through the gates
syn-en-cardinal-032,chatterbox-multilingual,Cardinal,a_passes,"The library holds 2,323,614 volumes in its archive.",two million three hundred twenty three thousand six hundred fourteen,"The library holds 2,323,614 volumes in its archive.",the library holds two thousand three hundred and twenty three thousand six hundred and fourteen volumes in its archive
syn-en-ordinal-017,chatterbox-multilingual,Ordinal,b_passes,The office is on the 688th floor of the tower.,six hundred eighty eighth,The office is on the 680th floor of the tower.,the office is on the six hundred and eighty eighth floor of the tower
syn-en-phone-number-030,chatterbox-turbo,Phone Number,b_passes,You can reach the front desk at 415-677-0228 during the day.,four one five six seven seven zero two two eight,You can reach the front desk at 415-677-0228 during the day.,you can reach the front desk at four fifteen six seven seven zero two twenty eight during the day
syn-en-cardinal-010,orpheus-3b,Cardinal,a_passes,"The stadium seats 633,736,975 people on a full night.",six hundred thirty three million seven hundred thirty six thousand nine hundred seventy five,"The stadium seats 633,736,975 people on a full night.",the stadium seats six hundred thirty three thousand seven hundred and thirty six thousand nine hundred and seventy five people on a full night
syn-en-phone-number-028,chatterbox-multilingual,Phone Number,b_passes,The support line is (212) 221-6463 for urgent problems.,two one two two two one six four six three,The support line is 212-2021-6463 for urgent problems.,the support line is two one two two zero two one six four six three for urgent problems
syn-en-chemical-formula-030,chatterbox-multilingual,Chemical Formula,a_passes,The compound is written as Fe2O3 in the textbook.,f e two o three,The compound is written as Fe2O3 in the textbook.,compound is written as phe2o3 in the textbook
syn-en-chemical-formula-005,kokoro-82m,Chemical Formula,b_passes,The compound is written as CaO in the textbook.,c a o,The compound is written as Kao in the textbook.,the compound is written as cao in the textbook
syn-en-chemical-formula-035,chatterbox-multilingual,Chemical Formula,a_passes,The compound is written as MnO2 in the textbook.,m n o two,The compound is written as MnO2 in the textbook.,the compound is written as mino2 in the textbook
syn-en-url-or-email-037,orpheus-3b,URL or Email,a_passes,The registration page is https://www.saltmarsh.net for new members.,h t t p s colon slash slash w w w dot saltmarsh dot net,The registration page is https://www.saltmarsh.net for new members.,the registration page is https:w w w dot saltmarsh dot net for new members
syn-en-isbn-019,orpheus-3b,ISBN,a_passes,The second reprint carries ISBN-10 4-951-76436-4 on the copyright page.,i s b n ten four nine five one seven six four three six four,The septum reprint carries ISBN 10-4951-76436-4 on the copyright page.,the second reprint carries isbn ten-four-nine fifty one-seventy six thousand four hundred thirty six for on the copyright page
syn-en-unit-013,chatterbox,Unit,b_passes,The prescription is 8210 lb taken twice daily.,eight thousand two hundred ten pounds,"The prescription is 82 and 10 LB, take him twice daily.",the prescription is eighty two and ten lb taken twice daily
syn-en-roman-numeral-029,kokoro-82m,Roman Numeral,a_passes,Part CXLIV of the series was published last spring.,one hundred forty four,Part CXLIV of the series was published last spring.,part c xliv of the series was published last spring
syn-en-isbn-022,chatterbox-turbo,ISBN,a_passes,The catalogue lists the title under ISBN 978-4-91-141845-5 instead.,i s b n nine seven eight four nine one one four one eight four five five,The catalog lists the title under ISBN 978-491-141845-5 instead.,the catalog lists the title under isbn nine seventy eight-four ninety one-one hundred forty one thousand eight and forty five-five instead
syn-en-stock-ticker-003,chatterbox-turbo,Stock Ticker,a_passes,He bought JPM in the first week of the quarter.,j p m,He bought JPM in the first week of the quarter.,he botched apm in the first week of the quarter
syn-en-cardinal-015,orpheus-3b,Cardinal,a_passes,"The stadium seats 2,667,344 people on a full night.",two million six hundred sixty seven thousand three hundred forty four,"The stadium seats 2,667,344 people on a full night.",the stadium seats two thousand six hundred and sixty seven thousand three hundred and forty four people on a full night
syn-en-phone-number-011,kokoro-82m,Phone Number,b_passes,Her office number is 415-733-9533 if you need to call.,four one five seven three three nine five three three,Her office number is 415-730-39533 if you need to call.,her office number is four hundred fifteen seven thirty three nine five three three if you need to call
syn-en-geographic-coordinates-003,chatterbox-turbo,Geographic Coordinates,a_passes,"The reading from the handset was 77.1169° S, 48.4733° E at dawn.",seventy seven point one one six nine degrees south forty eight point four seven three three degrees east,"The reading from the handset was 77.1169° S, 48.4733° E at dawn.",the reading from the handset was seventy seven point one one six nine degrees s forty eight point four seven three three degrees e at dawn
syn-en-time-025,qwen3-tts,Time,b_passes,The train to the coast departs at 10:58 every weekday.,ten fifty eight,The train to the coast departs at 10.58 every weekday.,the train to the coast departs at ten fifty eight every weekday
syn-en-time-035,orpheus-3b,Time,b_passes,The train to the coast departs at 20:37 every weekday.,twenty thirty seven,The train to the coast departs at 20.37 every weekday.,the train to the coast departs at twenty thirty seven every weekday
syn-en-phone-number-015,orpheus-3b,Phone Number,a_passes,You can reach the front desk at (713) 278-7842 during the day.,seven one three two seven eight seven eight four two,You can reach the front desk at 713-278-7842 during the day.,you can reach the front desk at seven thirteen two seven eight two seven eight four two during the day
syn-en-url-or-email-039,chatterbox-turbo,URL or Email,a_passes,The archive is hosted at https://www.ironwood.dev for now.,h t t p s colon slash slash w w w dot ironwood dot dev,The archive is hosted at https://www.ironwood.dev for now.,the archive is hosted at https:w w w dot ironwood dev for now
syn-en-isbn-023,kokoro-82m,ISBN,b_passes,Quote ISBN 978-0-28-996011-3 when you contact the publisher directly.,i s b n nine seven eight zero two eight nine nine six zero one one three,Quote ISBN 970-8020-899-60113 when you contact the publisher directly.,quote isbn nine hundred seventy eight zero twenty eight nine nine six zero one one three when you contact the publisher directly
syn-en-license-plate-or-serial-numbers-006,chatterbox,License Plate or Serial Numbers,b_passes,The serial number engraved on the frame is SN-AH61395 here.,s n a h six one three nine five,The serial number engraved on the frame is SN AH61395 here.,the serial number engraved on the frame is s n a h six one three nine five here
syn-en-ordinal-006,qwen3-tts,Ordinal,a_passes,This is the 939th attempt at the same problem.,nine hundred thirty ninth,This is the 939th attempt at the same problem.,this is the nine thirty ninth attempt at the same problem
syn-en-isbn-031,chatterbox-multilingual,ISBN,b_passes,Order the textbook using ISBN-10 4-742-12424-2 from the supplier.,i s b n ten four seven four two one two four two four two,Order the textbook using ISBN 10-4742-12424-24-2 from the supplier.,order the textbook using isbn ten four seven four two one two four two four two four two from the supplier
syn-en-currency-018,orpheus-3b,Currency,a_passes,The painting sold for $60.86 at the auction house.,sixty dollars and eighty six cents,The painting sold for $60.86 at the auction house.,the painting sold for sixty point eight six dollars at the auction house
syn-en-phone-number-004,qwen3-tts,Phone Number,a_passes,Call (503) 804-3624 to confirm the appointment.,five zero three eight zero four three six two four,Call 503 804 3624 to confirm the appointment.,call to confirm the appointment
syn-en-stock-ticker-018,chatterbox-multilingual,Stock Ticker,b_passes,Shares of MRK closed higher on the exchange today.,m r k,closed higher on the exchange today.,shares of mrk closed higher on the exchange today
syn-en-stock-ticker-009,qwen3-tts,Stock Ticker,a_passes,Trading in LOW was halted briefly this morning.,l o w,Trading in low was halted briefly this morning.,treating in mole was halted briefly this morning
syn-en-geographic-coordinates-009,qwen3-tts,Geographic Coordinates,a_passes,"The coordinates in the logbook are 53.4964° N, 8.6476° W precisely.",fifty three point four nine six four degrees north eight point six four seven six degrees west,The coordinates in the logbook are 53.4964°N 8.6476°W precisely.,the coordinates in the logbook are fifty three point four nine six four degrees north eight point six four seven six degrees wet precisely
syn-en-unit-027,chatterbox-turbo,Unit,b_passes,The recipe calls for 6121 oz of cold water.,six thousand one hundred twenty one ounces,The recipe calls for 6-1-21 Oz of cold water.,the recipe calls for six one twenty one oz of cold water
syn-en-fractions-030,chatterbox-turbo,Fractions,b_passes,The board is 5/6 of an inch thick.,five sixths,The board is 5-6 of an inch thick.,the board is five sixth of an inch thick
syn-en-phone-number-003,kokoro-82m,Phone Number,b_passes,The support line is (617) 532-9850 for urgent problems.,six one seven five three two nine eight five zero,The support line is 617-530-29850 for urgent problems.,the support line is six hundred seventeen five hundred thirty two nine eight five zero for urgent problems
syn-en-currency-035,orpheus-3b,Currency,a_passes,"The final invoice came to $1,814,342.28 including tax.",one million eight hundred fourteen thousand three hundred forty two dollars and twenty eight cents,"The final invoice came to $1,814,342.28, including tax.",the final invoice came to one thousand eight hundred and fourteen thousand three hundred and forty two dollars and twenty eight including tax
syn-en-mathematical-expression-024,qwen3-tts,Mathematical Expression,a_passes,The exam answer key gives 31 + 67 = 98 for question four.,thirty one plus sixty seven equals ninety eight,The exam answer key gives 31 plus 67 equals 98 for question 4.,the exam answer key gives thirty one plus sixty seven ninety eight for question four
syn-en-fractions-036,orpheus-3b,Fractions,a_passes,Only 2/6 of the seats were sold in advance.,two sixths,Only two sixths of the seats were sold in advance.,only two (six) of the seats were sold in advance
syn-en-currency-026,qwen3-tts,Currency,a_passes,They raised $967.23 for the local hospital fund.,nine hundred sixty seven dollars and twenty three cents,They raised $967.23 for the local hospital fund.,they raised nine hundred and sixty seven point two three dollars for the local hospital fund
syn-en-license-plate-or-serial-numbers-015,kokoro-82m,License Plate or Serial Numbers,a_passes,The license plate on the van reads 5PX443XE clearly.,five p x four four three x e,The license plate on the van reads 5PX443XE clearly.,the license plate on the van reads five p x four forty three xc clearly
syn-en-sports-score-018,chatterbox-multilingual,Sports score,a_passes,The game finished 1-61 despite the weather.,one to sixty one,The game finished 1-61 despite the weather.,the game finished one testis xd1 despite the weather
syn-en-cardinal-022,chatterbox-turbo,Cardinal,b_passes,"The library holds 7,815,211 volumes in its archive.",seven million eight hundred fifteen thousand two hundred eleven,"The library holds 7,815 211 volumes in its archive.",the library holds seven thousand eight hundred fifteen two hundred eleven volumes in its archive
syn-en-chemical-formula-024,kokoro-82m,Chemical Formula,b_passes,The formula CaSO4 appears in the second table.,c a s o four,The formula cosSO4 appears in the second table.,the formula caso-four appears in the second table
syn-en-chemical-formula-023,kokoro-82m,Chemical Formula,a_passes,The reaction produces CuO as a by product.,c u o,The reaction produces CuO as a byproduct.,the reaction produces kuo as a byproduct
syn-en-vehicle-or-product-code-028,kokoro-82m,Vehicle or Product Code,a_passes,Look for CBN-75-N19 printed underneath the plastic casing.,c b n seven five n one nine,"Look for CBN 75N19, printed underneath the plastic casing.",look for cbn seventy five and nineteen printed underneath the plastic casing
syn-en-sports-score-019,chatterbox-turbo,Sports score,a_passes,The visitors lost 120-87 on Saturday afternoon.,one hundred twenty to eighty seven,The visitors lost 120-87 on Saturday afternoon.,the visitors lost one hundred and twenty point eight seven on saturday afternoon
syn-en-time-019,chatterbox-multilingual,Time,b_passes,Her flight is expected to land at 16:18.,sixteen eighteen,Her flight is expected to land at 16.18pm.,her flight is expected to land at sixteen eighteen
syn-en-fractions-026,chatterbox,Fractions,b_passes,About 1/8 of the committee voted in favour.,one eighth,about one eight of the committee voted in favor,about one eighth of the committee voted in favor
syn-en-isbn-008,orpheus-3b,ISBN,a_passes,Quote ISBN 978-0-63-781172-0 when you contact the publisher directly.,i s b n nine seven eight zero six three seven eight one one seven two zero,Quote ISBN 978-0-63781172-0 when you contact the publisher directly.,quote isbn nine seventy eight-zero-six thirty seven-eighty one-one hundred seventy two-zero when you contact the publisher directly
syn-en-stock-ticker-037,chatterbox,Stock Ticker,b_passes,He bought CVX in the first week of the quarter.,c v x,He bought CBX in the first week of the quarter.,he bought cvx in the first week of the quarter
syn-en-sports-score-001,kokoro-82m,Sports score,a_passes,The match ended 58-7 in front of a full crowd.,fifty eight to seven,The match ended 58-7 in front of a full crowd.,the match ended fifty eight seven in front of a full crowd
syn-en-time-031,chatterbox-multilingual,Time,b_passes,We should meet in the lobby at 10:15 tomorrow.,ten fifteen,We should meet in the lobby at 10.15 tomorrow.,we should meet in the lobby at ten fifteen tomorrow
syn-en-license-plate-or-serial-numbers-014,qwen3-tts,License Plate or Serial Numbers,b_passes,The officer wrote down SN-LT76585 at the scene.,s n l t seven six five eight five,The officer wrote down as NLT 76585 at the scene.,the officer wrote down s n l t seven six five eight five at the scene
syn-en-ordinal-026,chatterbox,Ordinal,a_passes,This is the 384th attempt at the same problem.,three hundred eighty fourth,This is the 384th attempt at the same problem.,this is the three eighty fourth attempt at the same problem
syn-en-sports-score-011,chatterbox-multilingual,Sports score,a_passes,The match ended 22-6 in front of a full crowd.,twenty two to six,The match ended 22-6 in front of a full crowd.,the match ended twenty two six in front of a full crowd
syn-en-decimal-023,chatterbox,Decimal,a_passes,The measurement was recorded as 470.595411 in the log.,four hundred seventy point five nine five four one one,The measurement was recorded as 470.595411 in the log.,the measurement was recorded as four seventy point five nine five four when when in the log
syn-en-currency-009,chatterbox-turbo,Currency,a_passes,She paid $162.11 for the second hand bicycle.,one hundred sixty two dollars and eleven cents,She paid $162.11 for the second-hand bicycle.,she paid one hundred sixty two dollars and eleven for the secondhand bicycle
syn-en-isbn-011,kokoro-82m,ISBN,b_passes,Order the textbook using ISBN 978-5-54-397937-2 from the supplier.,i s b n nine seven eight five five four three nine seven nine three seven two,Order the textbook using ISBN 978-550-439-793-72 from the supplier.,order the textbook using isbn nine hundred seventy eight five fifty four three nine seven nine three seven two from the supplier
syn-en-sports-score-007,orpheus-3b,Sports score,a_passes,They won 108-4 in the opening round.,one hundred eight to four,They won 108-4 in the opening round.,they won one zero eight four in the opening round
syn-en-url-or-email-022,kokoro-82m,URL or Email,a_passes,The registration page is http://www.northfield.org for new members.,h t t p colon slash slash w w w dot northfield dot org,The registration page is http://www.northfield.org for new members.,the registration page is http slash slash w w w dot northfield dot org for new members
syn-en-geographic-coordinates-008,chatterbox-turbo,Geographic Coordinates,a_passes,"The reading from the handset was 61.2633° S, 21.5262° W at dawn.",sixty one point two six three three degrees south twenty one point five two six two degrees west,The reading from the handset was 61.2633°S 21.5262°W at dawn.,the reading from the handset was sixty one point two six three three degrees s twenty one point five two six two degrees w at dawn
syn-en-currency-023,orpheus-3b,Currency,a_passes,The painting sold for $301.16 at the auction house.,three hundred one dollars and sixteen cents,The painting sold for $301.16 at the auction house.,the painting sold for three hundred and one point one six dollars at the auction house
syn-en-isbn-005,kokoro-82m,ISBN,b_passes,The number printed on the back cover is ISBN 978-0-48-761294-4 exactly.,i s b n nine seven eight zero four eight seven six one two nine four four,The number printed on the back cover is ISBN 970-8040-876-12944 exactly.,the number printed on the back cover is isbn nine hundred seventy eight zero forty eight seven six one two nine four four exactly
syn-en-roman-numeral-024,kokoro-82m,Roman Numeral,a_passes,Part CCLXXIII of the series was published last spring.,two hundred seventy three,Part CCLXXIII of the series was published last spring.,part cclx xiai of the series was published last spring
syn-en-geographic-coordinates-026,orpheus-3b,Geographic Coordinates,a_passes,"The wreck was located at 9.4759° S, 173.7271° W by the search team.",nine point four seven five nine degrees south one hundred seventy three point seven two seven one degrees west,"The wreck was located at 9.4759°S, 173.7271°W by the search team.",the rec was located at nine point four seven five nine degrees s one hundred seventy three point seven two seven one degrees left by the search team
syn-en-time-019,qwen3-tts,Time,b_passes,Her flight is expected to land at 16:18.,sixteen eighteen,Her flight is expected to land at 16.18.,her flight is expected to land at sixteen eighteen
syn-en-roman-numeral-017,orpheus-3b,Roman Numeral,a_passes,The inscription on the cornerstone reads CXCIX.,one hundred ninety nine,The inscription on the cornerstone reads CXCIX.,the inscription on the cornerstone reads cxcinx
syn-en-sports-score-034,chatterbox,Sports score,a_passes,The visitors lost 96-34 on Saturday afternoon.,ninety six to thirty four,The visitors lost 96-34 on Saturday afternoon.,the visitors lost ninety six thirty four on saturday afternoon
syn-en-roman-numeral-002,orpheus-3b,Roman Numeral,a_passes,The inscription on the cornerstone reads XXXVIII.,thirty eight,The inscription on the cornerstone reads XXXVIII.,the inscription on the cornerstone reads xxxvy eight
syn-en-time-031,qwen3-tts,Time,b_passes,We should meet in the lobby at 10:15 tomorrow.,ten fifteen,We should meet in the lobby at 10.15 tomorrow.,we should meet in the lobby at ten fifteen tomorrow
syn-en-date-031,kokoro-82m,Date,b_passes,Her birthday falls on 13th February 2022 this year.,thirteenth twenty twenty two,"Her birthday falls on 13 February 2022, this year.",her birthday falls on thirteenth february twenty twenty two this year
syn-en-license-plate-or-serial-numbers-026,kokoro-82m,License Plate or Serial Numbers,b_passes,The serial number engraved on the frame is SN-MZ33313 here.,s n m z three three three one three,The serial number engraved on the frame is SN-MZ33313 here.,the serial number engraved on the frame is s n m z three three three one three here
syn-en-chemical-formula-012,orpheus-3b,Chemical Formula,b_passes,The label on the bottle simply says Fe2O3 in pencil.,f e two o three,The label on the bottle simply says FE203 in pencil.,the label on the bottle simply says fe2o3 in pencil
syn-en-initialism-or-acronym-012,chatterbox-multilingual,Initialism or Acronym,a_passes,The GAO published new guidance on the subject.,g a o,The GAO published new guidance on the subject.,the gaye o published new guidance on the subject
syn-en-stock-ticker-006,orpheus-3b,Stock Ticker,a_passes,The fund holds a large position in GOOG right now.,g o o g,The fund holds a large position in GOOG right now.,the fund holds a large position in boog right now
syn-en-url-or-email-022,chatterbox-turbo,URL or Email,a_passes,The registration page is http://www.northfield.org for new members.,h t t p colon slash slash w w w dot northfield dot org,The registration page is http://www.northfield.org for new members.,the registration page is http:sdabl w w dot northfield dot org for new members
syn-en-stock-ticker-012,chatterbox-multilingual,Stock Ticker,a_passes,Analysts downgraded GOOG after the earnings call.,g o o g,Analysts downgraded Goog after the earnings call.,analysts downgraded google after the earnings call
syn-en-ordinal-012,chatterbox,Ordinal,a_passes,The office is on the 951st floor of the tower.,nine hundred fifty first,The office is on the 951th floor of the tower.,the office is on the nine five one floor at the tower
syn-en-address-024,kokoro-82m,Address,a_passes,"The new clinic opened at 2236 Walnut Ave, Ste 488 last autumn.",two two three six avenue suite four hundred eighty eight,"The new clinic opened at 2236 Walnut Ave, Ste 488 last autumn.",the new clinic opened at twenty two thirty six walnut ave steve four hundred eighty eight last autumn
syn-en-cardinal-021,qwen3-tts,Cardinal,a_passes,"The survey collected 264,569,421 responses in total.",two hundred sixty four million five hundred sixty nine thousand four hundred twenty one,"The survey collected 264,569,421 responses in total.",the survey collected two sixty four million five and sixty nine thousand four hundred and twenty one responses in total
syn-en-currency-040,chatterbox,Currency,a_passes,"The final invoice came to $4,222,618.23 including tax.",four million two hundred twenty two thousand six hundred eighteen dollars and twenty three cents,"The final invoice came to $4,222,618.23 including tax.",the final invoice came to four thousand two hundred and twenty two thousand six one eight twenty three including tax
syn-en-sports-score-024,chatterbox-multilingual,Sports score,a_passes,The visitors lost 89-82 on Saturday afternoon.,eighty nine to eighty two,The visitors lost 89-82 on Saturday afternoon.,the visitors lost eighty nine point eight two on saturday afternoon
syn-en-legal-reference-020,chatterbox-turbo,Legal Reference,a_passes,The claim was filed under 15 U.S.C. 8333 in federal court.,fifteen u s c eight thousand three hundred thirty three,The claim was filed under 15 U.S.C. 8333 of a federal court.,the claim was filed under fifteen u c eight thousand three hundred thirty three of in federal court
syn-en-date-040,chatterbox,Date,b_passes,The event is scheduled for 5th January 2017 at the main hall.,fifth twenty seventeen,The event is scheduled for 5th January 2017 at the Main Hall.,the event is scheduled for fifth january twenty seventeen at the main hall
syn-en-license-plate-or-serial-numbers-034,chatterbox-turbo,License Plate or Serial Numbers,b_passes,The officer wrote down 4VC319LT at the scene.,four v c three one nine l t,The officer wrote down 4VC319ELT at the scene.,the officer wrote down four v c-three nineteen e lt at the scene
syn-en-isbn-030,kokoro-82m,ISBN,b_passes,The number printed on the back cover is ISBN 978-1-17-744539-8 exactly.,i s b n nine seven eight one one seven seven four four five three nine eight,The number printed on the back cover is ISBN 970-8117-7-445398 exactly.,the number printed on the back cover is isbn nine hundred seventy eight one seventeen seven four four five three nine eight exactly
syn-en-url-or-email-015,chatterbox,URL or Email,a_passes,You can find the documentation at http://www.granite.org online.,h t t p colon slash slash w w w dot granite dot org,You can find the documentation at http://www.granite.org online.,you can find the documentation at h t t p w w w dot granite dot org online
syn-en-geographic-coordinates-039,chatterbox-turbo,Geographic Coordinates,a_passes,The coordinates in the logbook are 3.5615° N precisely.,three point five six one five degrees north,The coordinates in the logbook are 3.5615°N precisely.,the coordinates in the logbook are three point five six one five degrees n precisely
syn-en-cardinal-012,kokoro-82m,Cardinal,b_passes,"The library holds 753,137,476 volumes in its archive.",seven hundred fifty three million one hundred thirty seven thousand four hundred seventy six,"The library holds 753,130,7476 volumes in its archive.",the library holds seven hundred fifty three million one hundred thirty seven thousand four hundred seventy six volumes in its archive
syn-en-sports-score-015,orpheus-3b,Sports score,b_passes,The final score was 116-71 after extra time.,one hundred sixteen to seventy one,The final score was 116.71 after extra time.,the final score was one hundred and sixteen-seventy one after extra time
syn-en-musical-notation-007,orpheus-3b,Musical Notation,a_passes,Transpose the melody into 5/4 time before the rehearsal.,five four,"Transpose the melody into 5, 4 time before the rehearsal.",transpose the melody into v four time before the rehearsal
syn-en-isbn-018,chatterbox-multilingual,ISBN,b_passes,Quote ISBN-10 5-641-76964-5 when you contact the publisher directly.,i s b n ten five six four one seven six nine six four five,"Quote ISBN 10-5-644-7696105, Flynn, five, when you contact the publisher directly.",quote isbn ten five six four four seven six nine six one or five flynn five when you contact the publisher directly
syn-en-cardinal-039,chatterbox-turbo,Cardinal,a_passes,"The factory produced 7,959,930 units last quarter.",seven million nine hundred fifty nine thousand nine hundred thirty,"The factory produced 7,959,930 units last quarter.",the factory produced seven thousand nine hundred fifty nine thousand nine hundred and thirty units last order
syn-en-unit-005,kokoro-82m,Unit,b_passes,The package weighs 9642 ft on the postal scale.,nine thousand six hundred forty two feet,"The package weighs 9,642, FD on the postal scale.",the package weighs ninety six forty two feet on the postal scale
syn-en-unit-006,chatterbox,Unit,a_passes,The trail runs 26 ml through the forest.,twenty six milliliters,The trail runs 26 milliliter through the forest.,the trail runs twenty six millimetre through the forest
syn-en-ordinal-016,chatterbox,Ordinal,a_passes,This is the 738th attempt at the same problem.,seven hundred thirty eighth,This is the 738th attempt at the same problem.,this is the seven thirty eighth attempt at the same problem
syn-en-geographic-coordinates-009,chatterbox-turbo,Geographic Coordinates,a_passes,"The coordinates in the logbook are 53.4964° N, 8.6476° W precisely.",fifty three point four nine six four degrees north eight point six four seven six degrees west,"The coordinates in the logbook are 53.4964°N, 8.6476°W precisely.",the coordinates in the logbook are fifty three point four nine six four degrees n eight point six four seven six degrees w precisely
syn-en-currency-031,chatterbox,Currency,a_passes,"They raised $2,768 for the local hospital fund.",two thousand seven hundred sixty eight dollars,"They raised $2,768 for the local hospital fund.",they raised two seven sixty eight for the local hospital fund
syn-en-abbreviation-034,qwen3-tts,Abbreviation,b_passes,Please direct your question to Sgt. Okafor after class.,sergeant,Please direct your question to Sarge at OCHFOR after class.,please direct your question to sergeant okfor after class
syn-en-sports-score-005,chatterbox,Sports score,a_passes,The final score was 92-111 after extra time.,ninety two to one hundred eleven,The final score was 92-111 after extra time.,the final score was ninety two one eleven after extra time
syn-en-stock-ticker-020,chatterbox-multilingual,Stock Ticker,a_passes,He bought QCOM in the first week of the quarter.,q c o m,He bought QCOM in the first week of the quarter.,he bought qco om in the first week of the quarter
syn-en-time-006,orpheus-3b,Time,a_passes,We should meet in the lobby at 16:06 tomorrow.,sixteen oh six,We should meet in the lobby at 1606 tomorrow.,we should meet in the lobby at sixteen o six tomorrow
syn-en-chemical-formula-015,qwen3-tts,Chemical Formula,b_passes,The compound is written as BaO in the textbook.,b a o,The compound is written as B-A-O in the textbook.,the compound is written as bao in the textbook
syn-en-chemical-formula-016,chatterbox-multilingual,Chemical Formula,a_passes,The sample turned out to be SnO2 after analysis.,s n o two,The sample turned out to be SNO2 after analysis.,the sample turned out to be snow too after analysis
syn-en-musical-notation-032,chatterbox-multilingual,Musical Notation,a_passes,The guitarist opens the piece with D7 every night.,d seven,The guitarist opens the piece with D7 every night.,the guitarist opens the piece with desieben every night
syn-en-abbreviation-028,qwen3-tts,Abbreviation,a_passes,Please direct your question to Gov. Okafor after class.,governor,Please direct your question to Gov. Okafor after class.,please direct your question to golf okay for after class
syn-en-address-004,kokoro-82m,Address,b_passes,The new clinic opened at 1949 Juniper Ct last autumn.,one nine four nine court,"The new clinic opened at 19.49, Juniper CT last autumn.",the new clinic opened at nineteen forty nine juniper ct last autumn
syn-en-time-019,kokoro-82m,Time,b_passes,Her flight is expected to land at 16:18.,sixteen eighteen,Her flight is expected to land at 16.18.,her flight is expected to land at sixteen eighteen
syn-en-geographic-coordinates-005,qwen3-tts,Geographic Coordinates,a_passes,"The station sits at 51.3425° S, 93.8734° W on the survey map.",fifty one point three four two five degrees south ninety three point eight seven three four degrees west,The station sits at 51.3425°S 93.8734°W on the survey map.,the station sits at fifty one point three four two five degrees celsius ninety three point eight seven three four degrees west on the survey map
syn-en-cardinal-037,qwen3-tts,Cardinal,a_passes,"The library holds 9,412,459 volumes in its archive.",nine million four hundred twelve thousand four hundred fifty nine,"The library holds 9,412,459 volumes in its archive.",the library holds nine to four hundred and twelve thousand four hundred and fifty nine volumes in its archive
syn-en-version-numbers-004,qwen3-tts,Version Numbers,b_passes,The release notes for version 4.6.3 mention the change.,four point six point three,The release notes for version 4.6.3 mention the change.,the release notes for version four point six point three mention the change
syn-en-time-038,chatterbox,Time,b_passes,The broadcast begins at 3:30 on channel four.,three thirty,The broadcast begins at 3030 on Channel 4.,the broadcast begins at 3zero thirty on channel four
syn-en-legal-reference-009,orpheus-3b,Legal Reference,a_passes,The dispute turns on 20 U.S.C. 4362 more than anything else.,twenty u s c four thousand three hundred sixty two,The dispute turns on 20 U.S.C. 4362 more than anything else.,the dispute terms on twenty u c four thousand three hundred and sixty two more than anything else
syn-en-decimal-020,orpheus-3b,Decimal,b_passes,The sensor reported a reading of 908.783277 at noon.,nine hundred eight point seven eight three two seven seven,The sensor reported a reading of 908.78 Brie 277 at noon.,the sensor reported a reading of nine hundred and eight point seven eight three two seven seven at noon
syn-en-url-or-email-010,chatterbox,URL or Email,a_passes,You can find the documentation at https://www.clearwater.net online.,h t t p s colon slash slash w w w dot clearwater dot net,You can find the documentation at https://www.clearwater.net online.,you can find the documentation at http's w w w dot clearwater dot net online
syn-en-roman-numeral-012,kokoro-82m,Roman Numeral,a_passes,The inscription on the cornerstone reads CLXIX.,one hundred sixty nine,"The inscription on the cornerstone reads, CLXIX.",the inscription on the cornerstone reads clx ix
syn-en-ordinal-028,chatterbox-multilingual,Ordinal,a_passes,He was the 390th person to sign the register.,three hundred ninetieth,He was the 390th person to sign the register.,he was the three hundred ninety person to sign the register
syn-en-geographic-coordinates-031,qwen3-tts,Geographic Coordinates,a_passes,"The wreck was located at 22.0205° S, 78.9912° W by the search team.",twenty two point zero two zero five degrees south seventy eight point nine nine one two degrees west,The wreck was located at 22.0205°S 78.9912°W by the search team.,the rack was located at twenty two point zero two zero five degrees celsius seventy eight point nine nine one two degrees west by the search team
syn-en-address-021,kokoro-82m,Address,a_passes,"Deliveries should be sent to 6082 Willow Pl, Ste 91 during the week.",six zero eight two place suite ninety one,"Deliveries should be sent to 6082 Willow P.L., STE 91 during the week.",deliveries should be sent to sixty eighty two willow p l c ninety one during the week
syn-en-currency-012,chatterbox,Currency,a_passes,The repair will cost $227.93 according to the estimate.,two hundred twenty seven dollars and ninety three cents,The repair will cost $227.93 according to the estimate.,the repair will cost two hundred twenty seven mite nine three according to the estimate
syn-en-fractions-037,orpheus-3b,Fractions,b_passes,The board is 5/10 of an inch thick.,five tenths,The board is 5-10 of an inch thick.,the board is five tenth of an inch thick
syn-en-mathematical-expression-030,qwen3-tts,Mathematical Expression,a_passes,The worksheet asks the student to show that 395 - 6 = 389.,three hundred ninety five minus six equals three hundred eighty nine,The worksheet asks the student to show that 395 minus 6 equals 389.,the worksheet asks the student to show that three ninety five minuteus six equals three eighty nine
syn-en-time-028,chatterbox-multilingual,Time,b_passes,The broadcast begins at 19:30 on channel four.,nineteen thirty,The broadcast begins at 19.30 on Channel 4.,the broadcast begins at nineteen thirty on channel four
syn-en-currency-021,chatterbox-turbo,Currency,a_passes,"They raised $3,391,196.92 for the local hospital fund.",three million three hundred ninety one thousand one hundred ninety six dollars and ninety two cents,"They raised $3,391,196.92 for the local hospital fund.",they raised three thousand three hundred and ninety one thousand one hundred and ninety six point nine two for the local hospital fund
syn-en-vehicle-or-product-code-003,chatterbox-turbo,Vehicle or Product Code,a_passes,Look for PD243578 printed underneath the plastic casing.,p d two four three five seven eight,Look for PD243578 printed underneath the plastic casing.,look for pd two million four thirty five seven hundred eighty printed underneath the plastic casing
syn-en-isbn-039,chatterbox-turbo,ISBN,b_passes,The second reprint carries ISBN 978-7-48-605145-1 on the copyright page.,i s b n nine seven eight seven four eight six zero five one four five one,The second reprint carries ISBN 978-7-48-605-145-1 on the copyright page.,the second reprint carries isbn nine seven eight seven forty eight six zero five one four five one on the copyright page
syn-en-time-009,qwen3-tts,Time,b_passes,Her flight is expected to land at 4:52.,four fifty two,A flight is expected to land at 4.52.,her flight is expected to land at four fifty two
syn-en-stock-ticker-017,orpheus-3b,Stock Ticker,b_passes,Trading in CSCO was halted briefly this morning.,c s c o,Trading in CSEO was halted briefly this morning.,trading in csco was halted briefly this morning
syn-en-fractions-009,chatterbox,Fractions,a_passes,Only 4/6 of the seats were sold in advance.,four sixths,Only four-sixths of the seats were sold in advance.,only four six of the seats were sold in advance
syn-en-unit-008,kokoro-82m,Unit,b_passes,The prescription is 6741 minutes taken twice daily.,six thousand seven hundred forty one,The prescription is 67-41 minutes taken twice daily.,the prescription is sixty seven forty one minutes taken twice daily
syn-en-sports-score-026,kokoro-82m,Sports score,a_passes,The match ended 118-86 in front of a full crowd.,one hundred eighteen to eighty six,The match ended 118-86 in front of a full crowd.,the match ended one hundred eighteen eighty six in front of a full crowd
syn-en-musical-notation-015,kokoro-82m,Musical Notation,a_passes,Transpose the melody into 12/8 time before the rehearsal.,twelve eight,Transpose the melody into twelve-eight time before the rehearsal.,transpose the melody into twelveeight time before the rehearsal
syn-en-date-026,chatterbox-multilingual,Date,b_passes,Her birthday falls on 20th December 2014 this year.,twentieth twenty fourteen,Her birthday falls on 20th December 2014 this year.,her birthday falls on twentieth december twenty fourteen this year
syn-en-sports-score-023,kokoro-82m,Sports score,a_passes,The game finished 55-74 despite the weather.,fifty five to seventy four,The game finished 55-74 despite the weather.,the game finished fifty five seventy four despite the weather
syn-en-isbn-031,chatterbox,ISBN,a_passes,Order the textbook using ISBN-10 4-742-12424-2 from the supplier.,i s b n ten four seven four two one two four two four two,Order the textbook using ISBN 10-4742-124242-12 from the supplier.,order the textbook using isbn ten four seven four two twelve four two four two twelve from the supplier
syn-en-time-039,qwen3-tts,Time,b_passes,Her flight is expected to land at 1:25.,one twenty five,Her flight is expected to land at 1.25.,her flight is expected to land at one twenty five
syn-en-license-plate-or-serial-numbers-030,kokoro-82m,License Plate or Serial Numbers,a_passes,The license plate on the van reads 5EE554ZT clearly.,five e e five five four z t,The license plate on the van reads 5EE554ZT clearly.,the license plate on the van reads five e five fifty four zt clearly
syn-en-time-010,chatterbox,Time,b_passes,The train to the coast departs at 3:52 every weekday.,three fifty two,The train to the coast departs at 3-5-2 every weekday.,train to the coast departs at three five two every weekday
syn-en-roman-numeral-009,chatterbox,Roman Numeral,a_passes,Part CCCXL of the series was published last spring.,three hundred forty,Part CCCXL of the series was published last spring.,part ccc xl of the series was published last spring
syn-en-unit-024,qwen3-tts,Unit,b_passes,The ceiling clears 7856 oz above the floor.,seven thousand eight hundred fifty six ounces,The ceiling clears 78.56 oz above the floor.,the ceiling clears seventy eight five six ounce above the floor
syn-en-cardinal-021,chatterbox-turbo,Cardinal,a_passes,"The survey collected 264,569,421 responses in total.",two hundred sixty four million five hundred sixty nine thousand four hundred twenty one,"The survey collected 264,569,421 responses in total.",the survey collected two hundred and sixty four thousand five hundred and sixty nine thousand four hundred and twenty one responses in total
syn-en-date-020,orpheus-3b,Date,b_passes,The event is scheduled for 25th January 2031 at the main hall.,twenty fifth twenty thirty one,The event is scheduled for 25th January 2021 at the Main Hall.,the event is scheduled for twenty fifth january two thousand and thirty one at the main hall
syn-en-currency-008,qwen3-tts,Currency,a_passes,"The painting sold for $7,798,581.38 at the auction house.",seven million seven hundred ninety eight thousand five hundred eighty one dollars and thirty eight cents,"The painting sold for $7,798,581.38 at the auction house.",the painting sold for seven thousand seven hundred ninety eight thousand five hundred eighty one dollars and thirty eight at the auction house
syn-en-license-plate-or-serial-numbers-029,qwen3-tts,License Plate or Serial Numbers,a_passes,The officer wrote down SN-RR12692 at the scene.,s n r r one two six nine two,The officer wrote down SNRR 12692 at the scene.,the officer wrote down snr r one two six nine two at the scene
syn-en-cardinal-023,orpheus-3b,Cardinal,a_passes,"Roughly 160,755,331 visitors came through the gates.",one hundred sixty million seven hundred fifty five thousand three hundred thirty one,"Roughly 160,755,331 visitors came through the gates.",roughly one sixty thousand seven hundred and fifty five thousand three hundred and thirty one visitors came through the gates
syn-en-time-033,orpheus-3b,Time,b_passes,The broadcast begins at 6:38 on channel four.,six thirty eight,The broadcast begins at 6.38 on Channel 4.,the broadcast begins at six thirty eight on channel four
syn-en-ordinal-029,chatterbox,Ordinal,a_passes,They celebrated their 447th anniversary quietly.,four hundred forty seventh,They celebrated their 447th anniversary quietly.,they celebrated their four hundred and four seventh anniversary quietly
syn-en-date-026,qwen3-tts,Date,b_passes,Her birthday falls on 20th December 2014 this year.,twentieth twenty fourteen,"Her birthday falls on 20th December 2014, this year.",her birthday falls on twentieth december twenty fourteen this year
syn-en-phone-number-038,orpheus-3b,Phone Number,a_passes,The support line is 800-658-2751 for urgent problems.,eight zero zero six five eight two seven five one,The support line is 800-658-2751 for urgent problems.,the support line is eight hundred six five eight two seven five one for urgent problems
syn-en-isbn-037,qwen3-tts,ISBN,b_passes,The catalogue lists the title under ISBN 978-7-65-224425-9 instead.,i s b n nine seven eight seven six five two two four four two five nine,The catalogue lists the title under ISBN 978-765-244259 instead.,the catalog lists the title under isbn nine seventy eight-seven sixty five-two twenty four-four thousand two hundred fifty nine instead
syn-en-license-plate-or-serial-numbers-004,orpheus-3b,License Plate or Serial Numbers,a_passes,The officer wrote down EMM-2875 at the scene.,e m m two eight seven five,The officer wrote down EMM2875 at the scene.,the officer wrote down e n m twenty eight seventy five at the scene
syn-en-url-or-email-012,kokoro-82m,URL or Email,a_passes,The registration page is https://www.quietriver.org for new members.,h t t p s colon slash slash w w w dot quietriver dot org,The registration page is https://www.quietriver.org for new members.,the registration page is https:w w w dot quietriver dot org for new members
syn-en-sports-score-018,chatterbox,Sports score,a_passes,The game finished 1-61 despite the weather.,one to sixty one,The game finished 1-61 despite the weather.,the game finished one sixty one despite the weather
syn-en-roman-numeral-031,orpheus-3b,Roman Numeral,a_passes,Super Bowl CCLXVII drew a record television audience.,two hundred sixty seven,Super Bowl CCLXVII drew a record television audience.,super bowl ccl xvii drew a record television audience
syn-en-decimal-037,chatterbox-turbo,Decimal,a_passes,The gauge settled at 904.635 after an hour.,nine hundred four point six three five,The gauge settled at 904.635 after an hour.,the gauge settled at nine hundred four to six thirty five after an hour
syn-en-abbreviation-028,kokoro-82m,Abbreviation,a_passes,Please direct your question to Gov. Okafor after class.,governor,Please direct your question to Gov. Okafer after class.,please direct your question to gav achefer after class
syn-en-sports-score-010,chatterbox-turbo,Sports score,a_passes,The final score was 21-46 after extra time.,twenty one to forty six,The final score was 21-46 after extra time.,the final score was twenty one forty six after extra time
syn-en-url-or-email-036,kokoro-82m,URL or Email,a_passes,Send the completed form to northfield.net/news before Friday.,northfield dot net slash news,Send the completed form to northfield.net slash news before Friday.,send the completed form to northfield net slash news before friday
syn-en-initialism-or-acronym-019,chatterbox-multilingual,Initialism or Acronym,b_passes,The CIA published new guidance on the subject.,c i a,the CAA published new guidance on the subject.,the cia published new guidance on the subject
syn-en-geographic-coordinates-040,orpheus-3b,Geographic Coordinates,a_passes,"The station sits at 14.7611° N, 39.6445° W on the survey map.",fourteen point seven six one one degrees north thirty nine point six four four five degrees west,The station sits at 14.7611°N 39.6445°W on the survey map.,the station sits at fourteen point seven six one one degrees nam thirty nine point six four four five degrees west on the survey map
syn-en-fractions-001,chatterbox-turbo,Fractions,a_passes,About 2/6 of the committee voted in favour.,two sixths,About two-sixths of the committee voted in favor.,about two six of the committee voted in favor
syn-en-abbreviation-034,chatterbox-turbo,Abbreviation,a_passes,Please direct your question to Sgt. Okafor after class.,sergeant,Please direct your question to Sgt. Okafor after class.,please direct your question to sargenoka for after class
syn-en-stock-ticker-021,chatterbox-turbo,Stock Ticker,b_passes,Trading in KO was halted briefly this morning.,k o,Trading in Kale was halted briefly this morning.,trading in ko was halted briefly this morning
syn-en-geographic-coordinates-012,qwen3-tts,Geographic Coordinates,a_passes,"Set the marker to 21.5487° N, 139.4849° W before you leave the dock.",twenty one point five four eight seven degrees north one hundred thirty nine point four eight four nine degrees west,Set the marker to 21.5487°N 139.4849°W before you leave the dock.,set the marker to twenty one point five four eight seven degrees north one hundred thirty nine point four eight four nine degrees wet before you leave the dock
syn-en-url-or-email-021,qwen3-tts,URL or Email,a_passes,Send the completed form to saltmarsh.com/guide before Friday.,saltmarsh dot com slash guide,Send the completed form to saltmarsh.com slash guide before Friday.,send the completed form to salt marsh dot com slash guide before friday
syn-en-ordinal-018,kokoro-82m,Ordinal,b_passes,He was the 28th person to sign the register.,twenty eighth,He was the twenty-eighth person to sign the register.,he was the twenty eighth person to sign the register
syn-en-date-004,chatterbox-turbo,Date,b_passes,Construction is due to finish on 2nd March 1991.,second nineteen ninety one,Construction is due to finish on 2 March 1991.,construction is due to finish on second march nineteen ninety one
syn-en-url-or-email-002,orpheus-3b,URL or Email,b_passes,The registration page is anita.kowalski@archive.net for new members.,anita dot kowalski at archive dot net,The registration page is anita.kowalski.archive.net for new members.,the registration page is anita dot kowalski at archive dot net for new members
syn-en-chemical-formula-016,kokoro-82m,Chemical Formula,a_passes,The sample turned out to be SnO2 after analysis.,s n o two,The sample turned out to be SnO2 after analysis.,the sample turned out to be sn02 after analysis
syn-en-mathematical-expression-030,kokoro-82m,Mathematical Expression,a_passes,The worksheet asks the student to show that 395 - 6 = 389.,three hundred ninety five minus six equals three hundred eighty nine,The worksheet asks the student to show that 395-6 equals 389.,the worksheet asks the student to show that three hundred ninety five point six equals three hundred eighty nine
syn-en-legal-reference-037,orpheus-3b,Legal Reference,a_passes,The judge cited Article III in the written opinion.,three,The judge cited Article III in the written opinion.,the judge cited article fur in the written opinion
syn-en-isbn-032,orpheus-3b,ISBN,b_passes,The catalogue lists the title under ISBN 978-8-18-838049-2 instead.,i s b n nine seven eight eight one eight eight three eight zero four nine two,The catalog lists the title under ISBN 978-8818-838-0492 instead.,the catalog lists the title under isbn nine seven eight eight eight one eight eight three eight zero four nine two instead
syn-en-time-030,qwen3-tts,Time,b_passes,The train to the coast departs at 4:29 every weekday.,four twenty nine,The train to the coast departs at 4.29 every weekday.,the train to the coast departs at four twenty nine every weekday
syn-en-cardinal-037,chatterbox-turbo,Cardinal,a_passes,"The library holds 9,412,459 volumes in its archive.",nine million four hundred twelve thousand four hundred fifty nine,"The library holds 9,412,459 volumes in its archive.",the library holds nine thousand four hundred and twelve thousand four hundred and fifty nine volumes in its archive
syn-en-version-numbers-024,chatterbox,Version Numbers,a_passes,The release notes for version 10.29 mention the change.,ten point twenty nine,The release notes for version 10.29 mention the change.,the release notes for version ten twenty nine mention the change
syn-en-currency-040,orpheus-3b,Currency,a_passes,"The final invoice came to $4,222,618.23 including tax.",four million two hundred twenty two thousand six hundred eighteen dollars and twenty three cents,"The final invoice came to $4,222,618.23, including tax.",the final invoice came to four thousand two hundred and twenty two thousand six hundred and eighteen point two three dollars including tax
syn-en-isbn-033,kokoro-82m,ISBN,a_passes,Quote ISBN-10 8-235-95991-8 when you contact the publisher directly.,i s b n ten eight two three five nine five nine nine one eight,Quote ISBN 10-8235959918 when you contact the publisher directly.,quote isbn ten eighty two-thirty five nine five nine nine one eight when you contact the publisher directly
syn-en-url-or-email-031,orpheus-3b,URL or Email,a_passes,Send the completed form to http://www.ironwood.org before Friday.,h t t p colon slash slash w w w dot ironwood dot org,Send the completed form to http://www.ironwood.org before Friday.,send the completed form to http:w w w dot ironwood dot org before friday
syn-en-cardinal-024,chatterbox,Cardinal,a_passes,"The factory produced 10,437,089 units last quarter.",ten million four hundred thirty seven thousand eighty nine,"The factory produced 10,437,089 units last quarter.",the factory produced ten thousand four hundred and thirty seven thousand eighty nine units last quarter
syn-en-date-040,orpheus-3b,Date,b_passes,The event is scheduled for 5th January 2017 at the main hall.,fifth twenty seventeen,The event is scheduled for 5th January 2017 at the Main Hall.,the event is scheduled for fifth january twenty seventeen at the main hall
syn-en-time-035,qwen3-tts,Time,b_passes,The train to the coast departs at 20:37 every weekday.,twenty thirty seven,The train to the coast departs at 20.37 every weekday.,the train to the coast departs at twenty thirty seven every weekday
syn-en-time-009,kokoro-82m,Time,b_passes,Her flight is expected to land at 4:52.,four fifty two,Her flight is expected to land at 4.52.,her flight is expected to land at four fifty two
syn-en-chemical-formula-004,chatterbox-turbo,Chemical Formula,a_passes,The formula ZnO appears in the second table.,z n o,The formula ZNO appears in the second table.,the formula z no appears in the second table
syn-en-legal-reference-016,orpheus-3b,Legal Reference,a_passes,See Chapter 31.9 of the contract for the exact wording.,thirty one point nine,See chapter 31.9 of the contract for the exact wording.,see chapter thirty one-nine of the contract for the exact wording
syn-en-stock-ticker-027,orpheus-3b,Stock Ticker,b_passes,Analysts downgraded META after the earnings call.,m e t a,Analysts downgraded Netta after the earnings call.,analysts downgraded meta after the earnings call
syn-en-cardinal-025,orpheus-3b,Cardinal,a_passes,"The stadium seats 448,547,668 people on a full night.",four hundred forty eight million five hundred forty seven thousand six hundred sixty eight,"The stadium seats 448,547,668 people on a full night.",the stadium seats four hundred and forty eight thousand five hundred and forty seven thousand six hundred and sixty eight people on a full night
syn-en-unit-004,kokoro-82m,Unit,b_passes,The ceiling clears 4637 ft above the floor.,four thousand six hundred thirty seven feet,The ceiling clears 4637FT above the floor.,the ceiling clears forty six thirty seven feet above the floor
syn-en-stock-ticker-012,chatterbox,Stock Ticker,a_passes,Analysts downgraded GOOG after the earnings call.,g o o g,Analysts downgraded Goog after the earnings call.,analysts downgraded google after the earnings call
syn-en-time-039,kokoro-82m,Time,b_passes,Her flight is expected to land at 1:25.,one twenty five,Her flight is expected to land at 1.25.,her flight is expected to land at one twenty five
syn-en-sports-score-024,chatterbox,Sports score,a_passes,The visitors lost 89-82 on Saturday afternoon.,eighty nine to eighty two,The visitors lost 89-82 on Saturday afternoon.,the visitors lost eighty nine eighty two on saturday afternoon
syn-en-url-or-email-013,orpheus-3b,URL or Email,a_passes,Write to http://www.quietriver.org if the problem happens again.,h t t p colon slash slash w w w dot quietriver dot org,Write to http://www.quietriver.org if the problem happens again.,write to http:lack w w w dot coiate river dot org if the problem happens again
syn-en-mathematical-expression-027,qwen3-tts,Mathematical Expression,a_passes,The first line of the proof states 632 - 29 = 603.,six hundred thirty two minus twenty nine equals six hundred three,The first line of the proof states 632 minus 29 equals 603.,the first line of the proof states six thirty two minuteus twenty nine equals six zero three
syn-en-cardinal-003,kokoro-82m,Cardinal,b_passes,"Roughly 81,455 visitors came through the gates.",eighty one thousand four hundred fifty five,"Roughly 80—1,455—visitors came through the gates.",roughly eighty one thousand four hundred fifty five visitors came through the gates
syn-en-geographic-coordinates-035,orpheus-3b,Geographic Coordinates,a_passes,"The station sits at 59.6534° S, 140.4645° E on the survey map.",fifty nine point six five three four degrees south one hundred forty point four six four five degrees east,"The station sits at 59.6534°S, 140.4645°E on the survey map.",the station sits at fifty nine point six five three four degrees s one forty point four six four five degrees e on the survey map
syn-en-phone-number-039,kokoro-82m,Phone Number,a_passes,Call (702) 319-5401 to confirm the appointment.,seven zero two three one nine five four zero one,Call 702-319-5401 to confirm the appointment.,call seven zero two three hundred nineteen five for zero one to confirm the appointment
syn-en-currency-008,kokoro-82m,Currency,b_passes,"The painting sold for $7,798,581.38 at the auction house.",seven million seven hundred ninety eight thousand five hundred eighty one dollars and thirty eight cents,"The painting sold for $7,700,098,581.38 at the auction house.",the painting sold for seven million seven hundred ninety eight thousand five hundred eighty one dollars and thirty eight cents at the auction house
syn-en-license-plate-or-serial-numbers-029,kokoro-82m,License Plate or Serial Numbers,a_passes,The officer wrote down SN-RR12692 at the scene.,s n r r one two six nine two,The officer wrote down SNRR 12692 at the scene.,the officer wrote down snr one two six nine two at the scene
syn-en-unit-001,chatterbox-turbo,Unit,b_passes,The trail runs 9157 mm through the forest.,nine thousand one hundred fifty seven millimeters,The trail runs 9 and 1 5 7 millimeters through the forest.,the trail runs nine and one hundred fifty seven millimeters through the forest
syn-en-phone-number-018,chatterbox,Phone Number,a_passes,The support line is 713-644-8265 for urgent problems.,seven one three six four four eight two six five,The support line is 713-644-8265 for urgent problems.,the support line is seven thirteen to six four four eight two six five for urgent problems
syn-en-abbreviation-005,parler-tts,Abbreviation,a_passes,Sen. Whitfield will see you in the second room.,senator,"Sen, Whitfield will see you in the second room.",send which field will see you in the second room
syn-en-version-numbers-006,chatterbox,Version Numbers,a_passes,This bug was fixed in version 4.26 of the shared library.,four point twenty six,This bug was fixed in version 4.26 of the shared library.,this bug was fixed in version four twenty six of the shared library
syn-en-abbreviation-022,qwen3-tts,Abbreviation,a_passes,Capt. Whitfield will see you in the second room.,captain,Capt Whitfield will see you in the second room.,cap whitfield will see you in a second room
syn-en-sports-score-005,orpheus-3b,Sports score,a_passes,The final score was 92-111 after extra time.,ninety two to one hundred eleven,The final score was 92-111 after extra time.,the final score was ninety two point one one after extra time
syn-en-unit-004,chatterbox-turbo,Unit,a_passes,The ceiling clears 4637 ft above the floor.,four thousand six hundred thirty seven feet,The ceiling clears 4637 feet above the floor.,the ceiling clears forty six-three-seven feet above the floor
syn-en-phone-number-031,orpheus-3b,Phone Number,a_passes,Her office number is (800) 988-7445 if you need to call.,eight zero zero nine eight eight seven four four five,Her office number is 800-988-7445 if you need to call.,her office number is eight hundred nine eight eight seven four four five if you need to call
syn-en-date-026,kokoro-82m,Date,b_passes,Her birthday falls on 20th December 2014 this year.,twentieth twenty fourteen,Her birthday falls on 20th December 2014 this year.,her birthday falls on twentieth december twenty fourteen this year
syn-en-isbn-037,kokoro-82m,ISBN,b_passes,The catalogue lists the title under ISBN 978-7-65-224425-9 instead.,i s b n nine seven eight seven six five two two four four two five nine,The catalog lists the title under ISBN 978-760-522-442-59 instead.,the catalog lists the title under isbn nine hundred seventy eight thousand seven hundred sixty five two two four four two five nine instead
syn-en-unit-024,chatterbox-turbo,Unit,a_passes,The ceiling clears 7856 oz above the floor.,seven thousand eight hundred fifty six ounces,The ceiling clears 7856 Oz above the floor.,the ceiling clears seven thousand eight hundred fifty six aus above the floor
syn-en-decimal-004,chatterbox-turbo,Decimal,b_passes,The final ratio works out to 688.24082 exactly.,six hundred eighty eight point two four zero eight two,The final ratio works out to 688.240A2 exactly.,the final ratio works out to six hundred eighty eight point two four zero eight two exactly
syn-en-isbn-009,orpheus-3b,ISBN,a_passes,The second reprint carries ISBN 978-7-47-101243-0 on the copyright page.,i s b n nine seven eight seven four seven one zero one two four three zero,The second reprint carries ISBN 978-747-101243-0 on the copyright page.,the second reprint carries isbn nine seventy eight-seven forty seven-one hundred one-two forty three-zero on the copyright page
syn-en-unit-027,chatterbox,Unit,b_passes,The recipe calls for 6121 oz of cold water.,six thousand one hundred twenty one ounces,The recipe calls for 6-121-OZ of cold water.,the recipe calls for six one twenty one oz of cold water
syn-en-abbreviation-035,kokoro-82m,Abbreviation,a_passes,The letter was signed by Gov. Delacroix in person.,governor,"The letter was signed by Gov, DeLacroix in person.",the letter was signed by gav dulacro in person
syn-en-isbn-004,kokoro-82m,ISBN,b_passes,The second reprint carries ISBN-10 7-981-32401-8 on the copyright page.,i s b n ten seven nine eight one three two four zero one eight,The second reprint carries ISBN 107980-13240-18 on the copyright page.,the second reprint carries isbn ten seventy nine eighty one three two four zero one eight on the copyright page
syn-en-currency-005,orpheus-3b,Currency,a_passes,"The final invoice came to $8,595,211.89 including tax.",eight million five hundred ninety five thousand two hundred eleven dollars and eighty nine cents,"The final invoice came to $8,595,211.89 including tax.",the final invoice came to eight thousand five hundred and ninety five thousand two hundred and eleven point eight nine including tax
syn-en-geographic-coordinates-018,chatterbox-turbo,Geographic Coordinates,a_passes,"The reading from the handset was 51.2513° N, 166.1154° W at dawn.",fifty one point two five one three degrees north one hundred sixty six point one one five four degrees west,The reading from the handset was 51.2513°N 166.1154°W at dawn.,the reading from the handset was fifty one point two five one three degrees n one sixty six point one one five four degrees w at dawn
syn-en-phone-number-023,chatterbox,Phone Number,a_passes,The support line is 404-637-7460 for urgent problems.,four zero four six three seven seven four six zero,The support line is 404-637-7460 for urgent problems.,the support line is four zero four to six thirty seven seven four six o for urgent problems
syn-en-fractions-030,chatterbox,Fractions,b_passes,The board is 5/6 of an inch thick.,five sixths,The board is 5'6 of an inch thick.,the board is five sixth of an inch thick
syn-en-currency-008,chatterbox-turbo,Currency,a_passes,"The painting sold for $7,798,581.38 at the auction house.",seven million seven hundred ninety eight thousand five hundred eighty one dollars and thirty eight cents,"The painting sold for $7,798,581.38 at the auction house.",the painting sold for seven thousand seven hundred ninety eight thousand five hundred eighty one dollars thirty eight at the auction house
syn-en-time-038,orpheus-3b,Time,b_passes,The broadcast begins at 3:30 on channel four.,three thirty,The broadcast begins at 3.30 on Channel 4.,the broadcast begins at three thirty on channel four
syn-en-vehicle-or-product-code-010,chatterbox-turbo,Vehicle or Product Code,a_passes,The model number stamped on the base is YTP866857 here.,y t p eight six six eight five seven,The model number stamped on the base is YTP866857 here.,the model number stamped on the base is ytp-eighty six thousand eight hundred fifty seven here
syn-en-address-023,chatterbox,Address,b_passes,She grew up in a small house at 7272 Lowell Rd near the river.,seven two seven two road,"She grew up in a small house at 7272, Lowelrard, near the river.",she grew up in a small house at seven two seven two lowell road near the river
syn-en-sports-score-007,qwen3-tts,Sports score,a_passes,They won 108-4 in the opening round.,one hundred eight to four,They won 108-4 in the opening round.,they won one hundred and eight step four in the opening round
syn-en-url-or-email-010,orpheus-3b,URL or Email,a_passes,You can find the documentation at https://www.clearwater.net online.,h t t p s colon slash slash w w w dot clearwater dot net,You can find the documentation at https://www.clearwater.net online.,you can find the documentation at h t t p s colon slash w w w dot clearwater dot net online
syn-en-sports-score-017,chatterbox-multilingual,Sports score,a_passes,They won 39-8 in the opening round.,thirty nine to eight,They won 39-8 in the opening round.,they won thirty nines eight in the opening round
syn-en-currency-023,qwen3-tts,Currency,a_passes,The painting sold for $301.16 at the auction house.,three hundred one dollars and sixteen cents,The painting sold for $301.16 at the auction house.,the painting sold for three hundred and one dollars and sixteen at the auction house
syn-en-cardinal-013,kokoro-82m,Cardinal,b_passes,"Roughly 97,514 visitors came through the gates.",ninety seven thousand five hundred fourteen,"Roughly 90—7,514—visitors came through the gates.",roughly ninety seven thousand five hundred fourteen visitors came through the gates
syn-en-cardinal-010,kokoro-82m,Cardinal,b_passes,"The stadium seats 633,736,975 people on a full night.",six hundred thirty three million seven hundred thirty six thousand nine hundred seventy five,"The stadium seats 633,730, 6,975 people on a full night.",the stadium seats six hundred thirty three million seven hundred thirty six thousand nine hundred seventy five people on a full night
syn-en-stock-ticker-029,qwen3-tts,Stock Ticker,a_passes,Trading in PYPL was halted briefly this morning.,p y p l,Trading in PYPL was halted briefly this morning.,treating in p u p l was halted briefly this morning
syn-en-roman-numeral-017,qwen3-tts,Roman Numeral,a_passes,The inscription on the cornerstone reads CXCIX.,one hundred ninety nine,The inscription on the quarterstone reads CXCIX.,the inscription on the cornerstone reads c x c i x
syn-en-cardinal-035,orpheus-3b,Cardinal,a_passes,"The stadium seats 130,415,247 people on a full night.",one hundred thirty million four hundred fifteen thousand two hundred forty seven,"The stadium seats 130,415,247 people on a full night.",the stadium seats one hundred and thirty thousand four hundred and fifteen thousand two hundred and forty seven people on a full night
syn-en-currency-012,orpheus-3b,Currency,a_passes,The repair will cost $227.93 according to the estimate.,two hundred twenty seven dollars and ninety three cents,The repair will cost $227.93 according to the estimate.,the repair will cost two hundred and twenty seven point nine three dollars according to the estimate
syn-en-url-or-email-037,kokoro-82m,URL or Email,a_passes,The registration page is https://www.saltmarsh.net for new members.,h t t p s colon slash slash w w w dot saltmarsh dot net,The registration page is https://www.saltmarsh.net for new members.,the registration page is https slash slash w w w dot saltmarsh net for new members
syn-en-cardinal-032,orpheus-3b,Cardinal,a_passes,"The library holds 2,323,614 volumes in its archive.",two million three hundred twenty three thousand six hundred fourteen,"The library holds 2,323,614 volumes in its archive.",the library holds two thousand three hundred and twenty three thousand six hundred and fourteen volumes in its archive
syn-en-isbn-019,kokoro-82m,ISBN,b_passes,The second reprint carries ISBN-10 4-951-76436-4 on the copyright page.,i s b n ten four nine five one seven six four three six four,The second reprint carries ISBN 10-49-51-7-643-64 on the copyright page.,the second reprint carries isbn ten four nine fifty one seven six four three six four on the copyright page
syn-en-time-032,orpheus-3b,Time,b_passes,Breakfast is served at 5:55 in the dining room.,five fifty five,Breakfast is served at 5.55 in the dining room.,breakfast is served at five fifty five in the dining room
syn-en-cardinal-017,chatterbox,Cardinal,a_passes,"The library holds 8,231 volumes in its archive.",eight thousand two hundred thirty one,"The library holds 8,231 volumes in its archive.",the library holds eight thousand two thirty one volumes in its archive
